"地区","资料覆盖层级","缺口说明","资料入口"
"北京","省级正式文本／文件库","有省级正式文件入口；不表示已收齐后续文件与监测原始数据","https://www.beijing.gov.cn/zhengce/zhengcefagui/202305/t20230516_3104666.html"
"天津","省级正式文本／文件库","有省级正式文件入口；不表示已收齐后续文件与监测原始数据","https://www.tj.gov.cn/zwgk/szfgb/xqk/2023/1-2/szfbgtwj/202301/t20230104_6068883.html"
"河北","省级正式文本／文件库","有省级正式文件入口；不表示已收齐后续文件与监测原始数据","https://gxt.hebei.gov.cn/main/policy/zxzcdetail?id=f43c80df-b541-4e86-8503-6bec8803d7c9"
"山西","省级原文待补","已检索到政府栏目中的发布消息；本版尚未核实省级正式全文","https://www.hjkxyj.org.cn/cn/article/pdf/preview/10.13198/j.issn.1001-6929.2023.09.02.pdf"
"内蒙古","省级正式文本／文件库","有省级正式文件入口；不表示已收齐后续文件与监测原始数据","https://www.chifeng.gov.cn/zwgk/xxgkzl/fdzdgknr/zdmsxx/sdgjz/hjbh/hjbhzcxx/202303/t20230321_1985588.html"
"辽宁","官方解读／进展资料","已收录相关资料；省级方案全文仍需进一步补齐","https://www.ln.gov.cn/web/zwgkx/zcjd/zcjd/2023052309204199477/index.shtml"
"吉林","省级原文待补","已定位省政府公报目录和附件；尚待逐项核对正式文件日期","https://www.hjkxyj.org.cn/cn/article/pdf/preview/10.13198/j.issn.1001-6929.2023.09.02.pdf"
"黑龙江","省级正式文本／文件库","有省级正式文件入口；不表示已收齐后续文件与监测原始数据","https://www.hlj.gov.cn/hlj/c116021/202301/c00_31517060.shtml"
"上海","省级正式文本／文件库","有省级正式文件入口；不表示已收齐后续文件与监测原始数据","https://www.shanghai.gov.cn/nw12344/20230214/fd5df4e3db224260917365e5b9a5a733.html"
"江苏","省级正式文本／文件库","有省级正式文件入口；不表示已收齐后续文件与监测原始数据","https://www.jiangsu.gov.cn/art/2022/12/13/art_46144_10705548.html"
"浙江","省级正式文本／文件库","有省级正式文件入口；不表示已收齐后续文件与监测原始数据","https://zjjcmspublic.oss-cn-hangzhou-zwynet-d01-a.internet.cloud.zj.gov.cn/jcms_files/jcms1/web3096/site/attach/0/953abc8fece84055a04e55281a864608.pdf"
"安徽","官方解读／进展资料","已收录相关资料；省级方案全文仍需进一步补齐","https://big5.mee.gov.cn/gate/big5/www.mee.gov.cn/ywdt/dfnews/202303/t20230321_1021240.shtml"
"福建","省级正式文本／文件库","有省级正式文件入口；不表示已收齐后续文件与监测原始数据","https://www.fujian.gov.cn/zwgk/zfxxgk/szfwj/jgzz/hjnyzcwj/202301/t20230106_6088041.htm"
"江西","省级原文待补","已收录相关资料；省级方案全文仍需进一步补齐","https://www.hjkxyj.org.cn/cn/article/pdf/preview/10.13198/j.issn.1001-6929.2023.09.02.pdf"
"山东","省级原文待补","已定位鲁政办发〔2023〕1号线索；尚待核实省级官方原文","https://www.hjkxyj.org.cn/cn/article/pdf/preview/10.13198/j.issn.1001-6929.2023.09.02.pdf"
"河南","官方解读／进展资料","已收录相关资料；省级方案全文仍需进一步补齐","https://www.chuanhui.gov.cn/sitesources/chq/upload/9d5ff437aacf32378cd812d806da6eb7/1737177840555.pdf"
"湖北","省级原文待补","已核实官方专家征集文件引用鄂政办函〔2023〕6号；方案原文待补","https://www.hjkxyj.org.cn/cn/article/pdf/preview/10.13198/j.issn.1001-6929.2023.09.02.pdf"
"湖南","省级正式文本／文件库","有省级正式文件入口；不表示已收齐后续文件与监测原始数据","https://www.hunan.gov.cn/hnszf/xxgk/wjk/szbm/szfzcbm_19689/ssthjt/gfxwj_19835/202309/t20230922_29498676.html"
"广东","省级正式文本／文件库","有省级正式文件入口；不表示已收齐后续文件与监测原始数据","https://www.gd.gov.cn/gkmlpt/content/4/4133/post_4133140.html"
"广西","省级原文待补","已找到官方工作报告与采购资料引用方案；原文和时效待补","https://www.hjkxyj.org.cn/cn/article/pdf/preview/10.13198/j.issn.1001-6929.2023.09.02.pdf"
"海南","官方解读／进展资料","已收录相关资料；省级方案全文仍需进一步补齐","https://www.mee.gov.cn/ywdt/dfnews/202211/t20221129_1006314.shtml"
"重庆","省级正式文本／文件库","有省级正式文件入口；不表示已收齐后续文件与监测原始数据","https://cq.gov.cn/zwgk/zfxxgkml/szfwj/qtgw/202304/t20230412_11867371.html"
"四川","官方解读／进展资料","已收录相关资料；省级方案全文仍需进一步补齐","https://sthjt.sc.gov.cn/sthjt/c23101804/2022/12/22/1fda6f07bff54017990e85d45f73f0dc.shtml"
"贵州","官方解读／进展资料","已收录相关资料；省级方案全文仍需进一步补齐","https://sthj.guizhou.gov.cn/zwgk/zcjd/wzjd/202301/t20230110_77893329.html"
"云南","省级正式文本／文件库","有省级正式文件入口；不表示已收齐后续文件与监测原始数据","https://yncoop.yn.gov.cn/zfxxgk/zdgknr/wjtz/szfwj/202212/t20221215_2362318.html"
"西藏","省级正式文本／文件库","有省级正式文件入口；不表示已收齐后续文件与监测原始数据","https://www.xizang.gov.cn/zwgk/xxfb/zbwj/202301/t20230129_339016.html"
"陕西","省级原文待补","已找到官方材料引用陕政办函〔2022〕162号；正式原文待补","https://www.hjkxyj.org.cn/cn/article/pdf/preview/10.13198/j.issn.1001-6929.2023.09.02.pdf"
"甘肃","省级正式文本／文件库","有省级正式文件入口；不表示已收齐后续文件与监测原始数据","https://www.lzxq.gov.cn/system/2023/11/30/030916298.shtml"
"青海","省级原文待补","省级方案比较论文已覆盖；尚待核实省级官方原文","https://www.hjkxyj.org.cn/cn/article/pdf/preview/10.13198/j.issn.1001-6929.2023.09.02.pdf"
"宁夏","省级正式文本／文件库","有省级正式文件入口；不表示已收齐后续文件与监测原始数据","https://www.nx.gov.cn/wxb/wxzfgb/202302/P020230224340654970854.pdf"
"新疆","省级正式文本／文件库","有省级正式文件入口；不表示已收齐后续文件与监测原始数据","https://www.xinjiang.gov.cn/xinjiang/c112545/202302/b6da4becefc143c796bfa73979df50d9.shtml"