"记录ID","排序日期","日期口径","地区","层级","资料类型","标题","发布者或来源机构","成文日期","生效日期","文号","状态与限制","内容摘要","通俗解释","原文URL","核对日期"
"CN001","2013-02-07","成文日期","全国","国家","政策原文","化学品环境风险防控“十二五”规划","原环境保护部","2013-02-07","","环发〔2013〕20号","历史规划，规划期已结束","部署化学品环境风险防控体系和能力建设。","新污染物治理有更早的化学品风险管理基础，并非2022年才开始。","https://www.mee.gov.cn/gkml/hbb/bwj/201302/t20130220_248271.htm","2026-09-09"
"CN002","2017-12-29","网页标示日期","全国","国家","清单名录","优先控制化学品名录（第一批）","生态环境部","","","","资料记录，非独立法规","发布第一批优先控制化学品名录，建立优先关注对象。","优控名录是筛选与管理工具，不等于所有条目均全面禁用。","https://www.mee.gov.cn/gkml/hbb/bgg/201712/t20171229_428832.htm","2026-09-09"
"CN073","2018-05","官方回溯的事件月份；来源公开2022-05-24","全国","国家","战略关注","全国生态环境保护大会提出新污染物专项和前瞻研究","生态环境部","","","","资料记录，非独立法规","生态环境部2022年答记者问回溯2018年5月大会的有关要求。","国内关注早于2022年行动方案；这一阶段强调发现问题和前瞻研究。","https://www.mee.gov.cn/ywdt/zbft/202205/t20220524_983044.shtml","2026-09-09"
"CN003","2020-04-29","公布日期","全国","国家","政策原文","新化学物质环境管理登记办法","生态环境部","2020-04-29","2021-01-01","生态环境部令第12号","正式文件；历史目标不代表已完成","规定新化学物质生产、进口等活动的环境管理登记。","“新化学物质”指名录外化学物质，不等于“新污染物”；这是源头防控的一环。","https://www.mee.gov.cn/gzk/gz/202112/t20211211_963807.shtml","2026-09-09"
"CN074","2020-10","官方回溯的事件月份；来源公开2022-05-24","全国","国家","战略关注","十九届五中全会强调重视新污染物治理","生态环境部","","","","资料记录，非独立法规","官方解读回顾全会对新污染物治理的关注。","新污染物从专业议题进入国家发展与生态治理部署。","https://www.mee.gov.cn/ywdt/zbft/202205/t20220524_983044.shtml","2026-09-09"
"CN004","2020-10-26","落款日期","全国","国家","政策原文","新化学物质环境管理登记有关衔接事项","生态环境部","2020-10-26","","公告2020年第46号","正式文件；历史目标不代表已完成","明确登记办法切换过程中的衔接安排。","制度更新不只是出台新规定，也需要处理原有登记和企业责任。","https://www.mee.gov.cn/xxgk2018/xxgk/xxgk01/202010/t20201029_805427.html","2026-09-09"
"CN005","2020-11","公开附件月份；未在本表核实日","全国","国家","清单名录","优先控制化学品名录（第二批）","生态环境部","","","公告2020年第47号","资料记录，非独立法规","扩展优先控制对象。","与第一批共同构成后续风险筛查和管控的重要对象库。","https://www.mee.gov.cn/xxgk2018/xxgk/xxgk01/202011/W020201113571806102775.pdf","2026-09-09"
"CN006","2020-11-16","落款日期","全国","国家","技术指南","新化学物质环境管理登记指南","生态环境部","2020-11-16","2021-01-01","公告2020年第51号","资料记录，非独立法规","细化登记的资料与操作要求。","办法规定责任，指南帮助具体实施；两者层级与作用不同。","https://www.mee.gov.cn/xxgk2018/xxgk/xxgk01/202011/t20201119_808843.html","2026-09-09"
"CN075","2021-04","官方回溯的事件月份；来源公开2022-05-24","全国","国家","战略关注","中央政治局第二十九次集体学习强调重视新污染物治理","生态环境部","","","","资料记录，非独立法规","生态环境部官方解读回溯有关重要部署。","说明国家关注具有连续性，不是单一文件突然出现。","https://www.mee.gov.cn/ywdt/zbft/202205/t20220524_983044.shtml","2026-09-09"
"CN007","2021-10","公开附件月份","全国","国家","征求意见","新污染物治理行动方案（征求意见稿）","生态环境部","","","","历史征求意见稿，不能作为现行规定","国家行动方案进入公开征求意见阶段。","展示政策形成过程；实际要求应看2022年正式方案。","https://www.mee.gov.cn/xxgk2018/xxgk/xxgk06/202110/W020211011600835423708.pdf","2026-09-09"
"CN008","2021-11-19","网页标示日期","全国","国家","官方解读","为什么要加强新污染物治理","生态环境部","","","","资料记录，非独立法规","阐释新污染物定义、风险隐蔽性及治理需求。","适合零基础阅读：新不一定指新发明，而是风险认识或管控需求发生变化。","https://www.mee.gov.cn/zcwj/zcjd/202111/t20211119_961028.shtml","2026-09-09"
"CN009","2022-05-04","成文日期；网页公开2022-05-24","全国","国家","政策原文","新污染物治理行动方案","生态环境部","2022-05-04","","国办发〔2022〕15号","正式文件；历史目标不代表已完成","系统部署调查评估、分类治理和全过程环境风险管控。","先查是什么、在哪里、风险多大，再决定禁、减、治；国家统筹与地方实施形成主线。","https://www.mee.gov.cn/zcwj/gwywj/202205/t20220524_983032.shtml","2026-09-09"
"CN010","2022-05-24","网页标示日期","全国","国家","官方解读","新污染物治理行动方案答记者问","生态环境部","","","","资料记录，非独立法规","说明治理背景、目标与制度设计，并回顾此前国家层面的关注。","可沿本文追溯“十四五”等上位部署；解读不是另一份法律。","https://www.mee.gov.cn/ywdt/zbft/202205/t20220524_983044.shtml","2026-09-09"
"CN076","2022-10-16","报告日期；转载公开2022-10-17","全国","国家","战略关注","党的二十大报告提出开展新污染物治理","新华社（生态环境部转载）","","","","资料记录，非独立法规","二十大报告在深入推进环境污染防治中提出相关任务。","将新污染物治理放在绿色发展与环境污染防治整体部署中理解。","https://www.mee.gov.cn/ywdt/szyw/202210/t20221017_996717.shtml","2026-09-09"
"CN039","2022-11-03","成文日期；本转载页面2023-01-10","黑龙江","地方","政策原文","黑龙江省新污染物治理工作方案","黑龙江政府或主管部门","2022-11-03","","黑政办发〔2022〕56号","2026-05-22被宣布失效，见CN后续状态记录","部署省级调查、风险评估与治理工作。","保留为历史方案；不能继续当作现行有效文件。","https://www.hlj.gov.cn/hlj/c116021/202301/c00_31517060.shtml","2026-09-09"
"CN011","2022-11-04","会议日期","全国","国家","会议进展","新污染物治理部际协调小组第一次会议","生态环境部","","","","资料记录，非独立法规","跨部门协调机制启动运行。","涉及生产、用药、产品、进口和环境排放，不能仅由环保一个部门处理。","https://www.mee.gov.cn/xxgk/hjyw/202211/t20221104_1001599.shtml","2026-09-09"
"CN012","2022-11-23","正文中的会议日期；页面标示2022-12-06，URL含12-23","全国","国家","会议进展","新污染物治理专家委员会第一次会议","生态环境部","","","","资料记录，非独立法规","专家委员会首次会议宣读名单，提供决策咨询和技术支持。","这是技术支撑机制，不是新污染物数量增加。","https://www.mee.gov.cn/ywgz/gtfwyhxpgl/hxphjgl/zcfgybzgf/202212/t20221223_1008560.shtml","2026-09-09"
"CN040","2022-11-29","网页标示日期","海南","地方","官方解读","海南印发新污染物治理工作方案","生态环境部地方新闻","","","","官方报道；本条未核实方案原文签发日","报道海南的调查评估、动态清单和治理试点安排。","此处日期为报道日期；不能推定为方案签发日。","https://www.mee.gov.cn/ywdt/dfnews/202211/t20221129_1006314.shtml","2026-09-09"
"CN041","2022-12-08","成文日期；公开2022-12-13","江苏","地方","政策原文","江苏省新污染物治理工作方案","江苏政府或主管部门","2022-12-08","","苏政办发〔2022〕81号","正式文件；历史目标不代表已完成","部署风险筛查、重点行业与园区治理及能力建设。","地方工作将国家原则落到本地产业和具体责任。","https://www.jiangsu.gov.cn/art/2022/12/13/art_46144_10705548.html","2026-09-09"
"CN042","2022-12-15","官方转载网页日期","云南","地方","政策原文","云南省新污染物治理工作方案","云南政府或主管部门","","","","正式文件；历史目标不代表已完成","关注医药、化工、养殖、污水处理及九大高原湖泊等区域。","重点湖泊、流域与产业布局决定调查重点。","https://yncoop.yn.gov.cn/zfxxgk/zdgknr/wjtz/szfwj/202212/t20221215_2362318.html","2026-09-09"
"CN043","2022-12-17","成文日期","河北","地方","政策原文","河北省新污染物治理工作方案","河北政府或主管部门","2022-12-17","","冀政办字〔2022〕159号","正式文件；历史目标不代表已完成","部署地方化学物质调查、监测与风险管控。","把国家方案中的责任分配到省级部门和市县。","https://gxt.hebei.gov.cn/main/policy/zxzcdetail?id=f43c80df-b541-4e86-8503-6bec8803d7c9","2026-09-09"
"CN044","2022-12-21","公报正文落款日期","宁夏","地方","政策原文","宁夏回族自治区新污染物治理工作方案","宁夏政府或主管部门","2022-12-21","","宁政办发〔2022〕72号","正式文件；历史目标不代表已完成","明确协调机制、调查监测及风险防控任务。","政府公报PDF可核对正式文本；文件日期不应取PDF上传日期。","https://www.nx.gov.cn/wxb/wxzfgb/202302/P020230224340654970854.pdf","2026-09-09"
"CN045","2022-12-22","网页标示日期","四川","地方","官方解读","四川省新污染物治理工作方案政策解读","四川政府或主管部门","","","","资料记录，非独立法规","解读四川省级治理部署。","官方解读帮助理解政策，但不能替代具体条款原文。","https://sthjt.sc.gov.cn/sthjt/c23101804/2022/12/22/1fda6f07bff54017990e85d45f73f0dc.shtml","2026-09-09"
"CN046","2022-12-26","落款及页面标示日期；URL月份不作为日期","西藏","地方","政策原文","西藏自治区新污染物治理工作方案","西藏政府或主管部门","2022-12-26","","藏政办发〔2022〕49号","正式文件；历史目标不代表已完成","明确协调、调查评估、源头禁限和分类治理。","没有大型化工聚集也不代表无需关注产品、药物与环境输入。","https://www.xizang.gov.cn/zwgk/xxfb/zbwj/202301/t20230129_339016.html","2026-09-09"
"CN013","2022-12-29","公布日期；网页公开2022-12-30","全国","国家","清单名录","重点管控新污染物清单（2023年版）","生态环境部","2022-12-29","2023-03-01","生态环境部等六部门令第28号","资料记录，非独立法规","对14个编号条目规定具体环境风险管控措施。","14个条目含物质组，不能说只有14种新污染物；需逐条读适用范围和例外。","https://www.mee.gov.cn/gzk/gz/202212/t20221230_1009192.shtml","2026-09-09"
"CN047","2022-12-30","正式文件落款日期","浙江","地方","政策原文","浙江省新污染物治理工作方案","浙江政府或主管部门","2022-12-30","","浙政办发〔2022〕84号","正式文件；历史目标不代表已完成","部署重点工业园区等新污染物治理工作。","正式版与此前征求意见稿应分别存档。","https://zjjcmspublic.oss-cn-hangzhou-zwynet-d01-a.internet.cloud.zj.gov.cn/jcms_files/jcms1/web3096/site/attach/0/953abc8fece84055a04e55281a864608.pdf","2026-09-09"
"CN048","2022-12-30","文件库签署日期；发文2022-12-31","湖南","地方","政策原文","湖南省新污染物治理工作方案","湖南政府或主管部门","2022-12-30","","湘环发〔2022〕114号","文件库标示时效期至2027-12-30；未据此保证无后续修改","省级文件库登记并提供正式文件附件。","元数据签署、发文和网页路径日期不同，时间线按签署日期。","https://www.hunan.gov.cn/hnszf/xxgk/wjk/szbm/szfzcbm_19689/ssthjt/gfxwj_19835/202309/t20230922_29498676.html","2026-09-09"
"CN049","2023-01-01","成文日期；公开2023-01-06","福建","地方","政策原文","福建省新污染物治理工作方案","福建政府或主管部门","2023-01-01","","闽政办〔2023〕1号","正式文件；历史目标不代表已完成","按福州、厦门等地产业特点部署试点，并提出数字化管理。","电子、石化、印染、养殖等不同产业有不同的污染物关注重点。","https://www.fujian.gov.cn/zwgk/zfxxgk/szfwj/jgzz/hjnyzcwj/202301/t20230106_6088041.htm","2026-09-09"
"CN050","2023-01-04","公报网页公开日期","天津","地方","政策原文","天津市新污染物治理工作方案","天津政府或主管部门","","","","正式文件；历史目标不代表已完成","市政府公报公开地方治理工作方案。","本行使用公报网页日期，原文件签署日未在本表单独整理。","https://www.tj.gov.cn/zwgk/szfgb/xqk/2023/1-2/szfbgtwj/202301/t20230104_6068883.html","2026-09-09"
"CN051","2023-01-06","落款日期；官方转载2023-11-30","甘肃","地方","政策原文","甘肃省新污染物治理工作方案","甘肃政府或主管部门","2023-01-06","","甘政办发〔2023〕3号","正式文件；历史目标不代表已完成","提出化学物质调查、风险筛查、地方清单及试点目标。","计划提出发布地方清单，不代表清单已实际发布。","https://www.lzxq.gov.cn/system/2023/11/30/030916298.shtml","2026-09-09"
"CN052","2023-01-09","成文日期；页面发布日期2023-01-11","新疆","地方","政策原文","新疆维吾尔自治区新污染物治理工作方案","新疆政府或主管部门","2023-01-09","","新政办发〔2023〕3号","正式文件；历史目标不代表已完成","以健全体系、提升能力、摸排风险、重点管控和分类治理为任务。","方案部署的是治理路径，不是全区所有介质的监测结论。","https://www.xinjiang.gov.cn/xinjiang/c112545/202302/b6da4becefc143c796bfa73979df50d9.shtml","2026-09-09"
"CN053","2023-01-10","网页标示日期","贵州","地方","官方解读","贵州省“十四五”新污染物治理工作方案政策解读","贵州政府或主管部门","","","","资料记录，非独立法规","解读跨部门机制、调查监测和技术能力补短板。","生产使用化学品范围，与最终确认需要重点管控的范围并不相同。","https://sthj.guizhou.gov.cn/zwgk/zcjd/wzjd/202301/t20230110_77893329.html","2026-09-09"
"CN014","2023-01-13","网页标示日期","全国","国家","官方解读","重点管控新污染物清单答记者问","生态环境部","","","","资料记录，非独立法规","解释清单筛选、“一品一策”与部门分工。","清单管控可能是禁止、限制或限排，不应统称为禁用。","https://www.mee.gov.cn/ywdt/zbft/202301/t20230113_1012751.shtml","2026-09-09"
"CN054","2023-01-13","落款日期；印发2023-01-17；公开2023-02-14","上海","地方","政策原文","上海市新污染物治理行动工作方案","上海政府或主管部门","2023-01-13","","沪府办规〔2023〕3号","正式文件；历史目标不代表已完成","部署水源地、重点行业和工业园区等调查与管控。","来源页公开时间晚于文件落款，不能据此判断政策出台先后。","https://www.shanghai.gov.cn/nw12344/20230214/fd5df4e3db224260917365e5b9a5a733.html","2026-09-09"
"CN055","2023-02-26","成文日期；赤峰政府转载2023-03-21","内蒙古","地方","政策原文","内蒙古自治区新污染物治理工作方案","内蒙古政府或主管部门","2023-02-26","","内政办发〔2023〕22号","正式文件；历史目标不代表已完成","明确调查、筛查、评估及禁止、限制、限排措施。","省级部署继续向盟市和企业落实。","https://www.chifeng.gov.cn/zwgk/xxgkzl/fdzdgknr/zdmsxx/sdgjz/hjbh/hjbhzcxx/202303/t20230321_1985588.html","2026-09-09"
"CN056","2023-02-27","成文日期；公开2023-03-15","广东","地方","政策原文","广东省新污染物治理工作方案","广东政府或主管部门","2023-02-27","","粤府办〔2023〕2号","正式文件；历史目标不代表已完成","按珠三角、粤东、粤西、粤北的产业和水系划分调查重点。","同一省内也需要按产业、流域和暴露路径差异化治理。","https://www.gd.gov.cn/gkmlpt/content/4/4133/post_4133140.html","2026-09-09"
"CN057","2023-03-21","网页标示日期","安徽","地方","官方解读","安徽出台新污染物治理工作方案","生态环境部地方新闻","","","","资料记录，非独立法规","官方报道安徽推进全过程环境风险管控的安排。","本条为新闻资料，不将报道日标成原文件签发日。","https://big5.mee.gov.cn/gate/big5/www.mee.gov.cn/ywdt/dfnews/202303/t20230321_1021240.shtml","2026-09-09"
"CN058","2023-04-12","网页标示日期","重庆","地方","政策原文","重庆市新污染物治理工作方案","重庆政府或主管部门","","","","正式文件；历史目标不代表已完成","提出成渝地区重点管控补充清单、风险筛查和环境监测等工作。","跨区域协同是地方治理的重要方向；目标与实际落地需分别跟踪。","https://cq.gov.cn/zwgk/zfxxgkml/szfwj/qtgw/202304/t20230412_11867371.html","2026-09-09"
"CN059","2023-05-16","网页标示日期","北京","地方","政策原文","北京市新污染物治理工作方案","北京政府或主管部门","","","","正式文件；历史目标不代表已完成","市政府公开地方新污染物治理方案。","从国家总体安排进入城市具体实施。","https://www.beijing.gov.cn/zhengce/zhengcefagui/202305/t20230516_3104666.html","2026-09-09"
"CN060","2023-05-23","网页标示日期","辽宁","地方","官方解读","辽宁省新污染物治理工作方案政策解读","辽宁政府或主管部门","","","解读辽政办〔2023〕18号","资料记录，非独立法规","解读省级新污染物治理工作方案。","本条按解读日期，原方案为辽政办〔2023〕18号。","https://www.ln.gov.cn/web/zwgkx/zcjd/zcjd/2023052309204199477/index.shtml","2026-09-09"
"CN061","2023-06-19","网页标示日期","内蒙古","市县","官方解读","包头市新污染物治理工作实施方案解读","内蒙古政府或主管部门","","","解读包府办发〔2023〕90号","资料记录，非独立法规","介绍包头市落实国家与自治区方案的安排。","可观察省级责任怎样下沉到具体城市。","https://sthjj.baotou.gov.cn/zfxxgk/fdzdgknr/zcjd/202306/t20230619_334625.html","2026-09-09"
"CN077","2023-07","答复回溯的事件月份；答复公开2023-11-02","全国","国家","战略关注","全国生态环境保护大会强化新污染物科技支撑","生态环境部","","","","资料记录，非独立法规","官方提案答复回溯大会将新污染物治理作为基础研究与科技创新重点领域。","需要研究检测识别、毒性、暴露和削减技术，而非只增加行政清单。","https://www.mee.gov.cn/xxgk2018/xxgk/xxgk13/202311/t20231102_1045917.html","2026-09-09"
"CN062","2023-08-07","落款日期；网页路径2024-04","内蒙古","市县","政策原文","巴彦淖尔市新污染物治理工作方案","内蒙古政府或主管部门","2023-08-07","","","正式文件；历史目标不代表已完成","部署地方化学物质调查及风险防控。","公文落款是2023年，网页路径含2024年，需防止错置时间。","https://www.bynr.gov.cn/zfxxgk/zfxxgk/qtwj/202404/t20240412_44521.html","2026-09-09"
"CN063","2023-10","期刊出版年月","全国","国家","研究论文","我国省级行政区新污染物治理工作方案分析及需求展望","阚西平等，《环境科学研究》36(10):1845–1856","","","DOI:10.13198/j.issn.1001-6929.2023.09.02","资料记录，非独立法规","研究比较31省级行政区及兵团方案，截至2023年5月均已出台；分析地方行业重点和治理需求。","这是方案比较研究，不是全国污染浓度调查；可作为补齐地方资料的系统入口。","https://www.hjkxyj.org.cn/cn/article/pdf/preview/10.13198/j.issn.1001-6929.2023.09.02.pdf","2026-09-09"
"CN078","2023-11-02","网页标示日期","全国","国家","提案答复","全国政协提案答复：新污染物治理关键技术研发","生态环境部","","","","资料记录，非独立法规","介绍流域、饮水、土壤地下水等重点研发方向与技术装备研究。","帮助定位国内科研资料，不将科研部署写成技术已经普遍成熟。","https://www.mee.gov.cn/xxgk2018/xxgk/xxgk13/202311/t20231102_1045914.html","2026-09-09"
"CN015","2023-12-29","网页公开日期，非标准签发日期","全国","国家","监测标准","HJ 1333—2023：水中PFOS、PFOA及其盐类测定","生态环境部","","2024-07-01","","资料记录，非独立法规","给出水样中相关目标物的标准分析方法。","检测方法回答“怎么测”，不是饮用水安全限值；适用物质与异构体范围须读原文。","https://www.mee.gov.cn/ywgz/fgbz/bz/bzwb/jcffbz/202312/t20231229_1060273.shtml","2026-09-09"
"CN016","2024-01-09","网页标示日期","全国","国家","实施进展","我国已全面淘汰八种类重点管控新污染物","生态环境部","","","","资料记录，非独立法规","官方披露重点清单相关淘汰任务进展。","生产和使用淘汰不等于历史环境残留已经清零。","https://www.mee.gov.cn/ywgz/gtfwyhxpgl/hxphjgl/zcfgybzgf/202401/t20240109_1063213.shtml","2026-09-09"
"CN017","2024-01-11","网页标示日期","全国","国家","政策原文","关于全面推进美丽中国建设的意见","中共中央、国务院（生态环境部转载）","","","","正式文件；历史目标不代表已完成","将新污染物治理纳入美丽中国建设，提出2035年风险有效管控目标。","这是长期目标，不是已经达到的环境状态。","https://www.mee.gov.cn/zcwj/zyygwj/202401/t20240111_1063458.shtml","2026-09-09"
"CN018","2024-02-02","会议日期","全国","国家","会议进展","新污染物治理部际协调小组第二次会议","生态环境部","","","","资料记录，非独立法规","总结2022—2023年工作，部署2024年立法、科技与工程等任务。","治理由建立机制进一步进入持续实施。","https://www.mee.gov.cn/xxgk/hjyw/202402/t20240202_1065699.shtml","2026-09-09"
"CN019","2024-03-13","网页标示日期","全国","国家","征求意见","新污染物生态环境监测标准体系表（征求意见稿）","生态环境部","2024-03-01","","环办便函〔2024〕70号","历史征求意见稿，不能作为现行规定","公开征求监测标准体系意见。","与2024年9月正式体系表配对阅读，不把草案等同于已实施标准。","https://www.mee.gov.cn/xxgk2018/xxgk/xxgk06/202403/t20240313_1068288.html","2026-09-09"
"CN064","2024-05-15","落款日期；页面生成2024-05-20","江西","市县","政策原文","南昌市新污染物治理工作方案","江西政府或主管部门","2024-05-15","","洪府办发〔2024〕41号","正式文件；历史目标不代表已完成","依据国家方案和赣府厅字〔2022〕128号省级方案，部署城市治理。","市级正式文本可确认省级方案依据，但不能替代省级原文。","https://www.nc.gov.cn/ncszf/xxgkzcwj/202405/46be1e45e36641c0b2b1344927225492.shtml","2026-09-09"
"CN020","2024-07-09","网页标示日期","全国","国家","征求意见","化学物质环境风险评估与管控技术标准体系框架（征求意见稿）","生态环境部","2024-07-05","","","历史征求意见稿，不能作为现行规定","风险筛查、评估与管控技术框架征求意见。","监测与风险评估相关，但不是同一组技术工作。","https://www.mee.gov.cn/xxgk2018/xxgk/xxgk06/202407/t20240709_1081147.html","2026-09-09"
"CN065","2024-08-21","网页标示日期","宁夏","地方","会议进展","2024年自治区新污染物治理工作推进会","宁夏政府或主管部门","","","","资料记录，非独立法规","通报中期评估反馈及2023年以来治理进展。","地方不只有方案发布，还包括中期评估和任务调整。","https://sthjt.nx.gov.cn/xwzx/qnxw/202408/t20240821_4630305.html","2026-09-09"
"CN021","2024-09-03","落款日期；公开2024-09-05","全国","国家","技术指南","新污染物生态环境监测标准体系表（2024年版）","生态环境部","2024-09-03","","环办监测函〔2024〕310号","资料记录，非独立法规","为调查监测和标准预研究提供体系框架。","体系中包含已实施、在研和拟制定项目，不能将项目总数说成全部现行标准。","https://www.mee.gov.cn/xxgk2018/xxgk/xxgk06/202409/t20240905_1085274.html","2026-09-09"
"CN022","2024-09-19","网页标示日期","全国","国家","官方解读","监测标准体系列举170项标准项目","生态环境部","","","","资料记录，非独立法规","官方解释170项包含已发布实施、在研及拟制定的项目。","这个数字衡量标准建设布局，不能衡量污染程度或治理成效。","https://www.mee.gov.cn/ywgz/sthjjcgl/wlgl/202409/t20240919_1086329.shtml","2026-09-09"
"CN066","2024-09-22","网页标示日期","福建","地方","实施进展","福建聚焦新污染物治理，探索职业健康应对","福建省卫生健康委员会","","","","资料记录，非独立法规","省卫生健康部门介绍职业健康工作机制与部门协作。","生产现场的职业接触，与普通居民环境暴露是两种不同情境。","https://wjw.fujian.gov.cn/xxgk/gzdt/wsjsyw/202409/t20240922_6526974.htm","2026-09-09"
"CN023","2024-10-14","落款日期；公开2024-10-16","全国","国家","技术指南","化学物质环境风险评估与管控技术标准体系框架（2024年版）","生态环境部","2024-10-14","","环办固体函〔2024〕351号","资料记录，非独立法规","为化学物质环境风险评估、管控和标准预研究提供参考。","从检测结果到管控决策，还需要危害、暴露和风险表征。","https://www.mee.gov.cn/xxgk2018/xxgk/xxgk06/202410/t20241016_1089357.html","2026-09-09"
"CN067","2024-10-22","PDF正文落款日期","河南","地方","清单名录","河南省重点管控新污染物清单（2024年版）","河南省有关部门（川汇区政府公开PDF）","2024-10-22","2024-10-22","","资料记录，非独立法规","省级多部门发布地方重点管控清单并规定动态调整。","地方清单应与国家清单逐条比较，不能直接把条目数相加成独立物质数。","https://www.chuanhui.gov.cn/sitesources/chq/upload/9d5ff437aacf32378cd812d806da6eb7/1737177840555.pdf","2026-09-09"
"CN079","2024-10-30","网页标示日期","全国","国家","官方解读","如何理解建立新污染物协同治理和环境风险管控体系","七一网（相关学习问答）","","","","资料记录，非独立法规","围绕改革部署解释协同治理、全生命周期和风险管理的思路。","有助于理解从末端处理扩展到跨部门、全过程管理。","https://m.12371.gov.cn/content/2024-10/30/content_476439.html","2026-09-09"
"CN024","2024-11-25","网页标示日期","全国","国家","提案答复","全国政协提案答复：长江流域及全国监测试点","生态环境部","","","","资料记录，非独立法规","回顾2023年部分省份环境监测试点，说明2024年扩大到全国31省份及兵团。","“扩大试点覆盖”不等于每个点位和物质都完成连续监测。","https://www.mee.gov.cn/xxgk2018/xxgk/xxgk13/202411/t20241125_1096671_wh.html","2026-09-09"
"CN025","2024-12-31","附件公开日期；数据年度2023","全国","国家","统计报告","2023年生态环境统计年报：化学物质环境信息","生态环境部","","","","资料记录，非独立法规","第4.3节列出化学物质生产使用等调查汇总。","统计年度为2023年；生产量、使用量不能当成排入环境的污染量。","https://www.mee.gov.cn/hjzl/sthjzk/sthjtjnb/202412/W020241231550353018199.pdf","2026-09-09"
"CN026","2025-02-27","正文会议日期；网页公开2025-02-28","全国","国家","会议进展","新污染物治理部际协调小组第三次会议","生态环境部","","","","资料记录，非独立法规","回顾2024年工作，部署2025年重点任务。","持续推进风险防控、科技和工程，不能把会议部署当成工程验收。","https://www.mee.gov.cn/ywdt/hjywnews/202502/t20250228_1103065.shtml","2026-09-09"
"CN027","2025-04-14","网页标示日期","全国","国家","政策原文","关于加强重点行业涉新污染物建设项目环境影响评价工作的意见","生态环境部","","","环环评〔2025〕28号","正式文件；历史目标不代表已完成","将重点行业涉新污染物的源头风险控制与建设项目环评衔接。","不是建成后才查污染，项目准入阶段就要识别相关风险。","https://www.mee.gov.cn/xxgk2018/xxgk/xxgk03/202504/t20250414_1114642.html","2026-09-09"
"CN068","2025-06-17","网页标示日期","湖南","地方","提案答复","省政协提案答复：新污染物治理相关工作","湖南政府或主管部门","","","","资料记录，非独立法规","通过提案答复跟踪省级治理推进与技术支撑。","答复反映部门阶段工作，不等同于独立监测数据库。","https://sthjt.hunan.gov.cn/sthjt/xxgk/zwxxgk/jyta/szxtadf/202506/t20250617_33710825.html","2026-09-09"
"CN069","2025-10","公开附件月份","湖南","地方","征求意见","新污染物环境调查监测技术指南编制说明","湖南政府或主管部门","","","","历史征求意见稿，不能作为现行规定","地方指南编制说明公开征求意见。","保留标准形成过程；本次未核实其后是否转为正式发布标准。","https://searchs.hunan.gov.cn/hnszf/hdjl/dczj/myzj/202510/33834544/files/fdcb3a37fd2849fe929ec976f3175269.pdf","2026-09-09"
"CN028","2025-11-13","网页标示日期","全国","国家","提案答复","全国政协提案答复：治理机制、标准与科研","生态环境部","","","","资料记录，非独立法规","介绍立法准备、现行监测标准及科研布局等工作。","答复所述50项现行有效标准与170项体系项目不是同一统计口径。","https://www.mee.gov.cn/xxgk2018/xxgk/xxgk13/202511/t20251113_1133442.html","2026-09-09"
"CN029","2025-11-21","网页标示日期","全国","国家","征求意见","优先控制化学品名录（第三批）征求意见","生态环境部","","","","历史征求意见稿，不能作为现行规定","第三批名录进入公开征求意见阶段。","请与12月正式版区分，不混用草案条目和最终条目。","https://www.mee.gov.cn/xxgk2018/xxgk/xxgk06/202511/t20251121_1134594.html","2026-09-09"
"CN030","2025-11-28","网页标示日期","全国","国家","实施进展","11月例行新闻发布会：新污染物治理阶段进展","生态环境部","","","","资料记录，非独立法规","披露122个行业、7万余家企业摸底调查，筛查1000余种潜在高风险化学物质，启动三批27个治理试点项目。","这是官方阶段性工作量：潜在高风险候选不等于全部已认定新污染物；启动项目不等于全部建成。","https://www.mee.gov.cn/ywdt/xwfb/202511/t20251128_1135232.shtml","2026-09-09"
"CN031","2025-11-28","附件公开日期；数据年度2024","全国","国家","统计报告","2024年生态环境统计年报：化学物质环境信息","生态环境部","","","","资料记录，非独立法规","按化学物质环境信息统计调查制度汇总制造业相关数据。","与2023年年报比较前，要检查调查对象、统计口径和覆盖变化。","https://www.mee.gov.cn/hjzl/sthjzk/sthjtjnb/202511/W020251128751529122742.pdf","2026-09-09"
"CN032","2025-12-29","成文日期；网页公开2025-12-30","全国","国家","清单名录","优先控制化学品名录（第三批）正式发布","生态环境部","2025-12-29","","","资料记录，非独立法规","发布第三批优先控制对象。","扩大优先管理对象库，不代表环境浓度同比增加。","https://www.mee.gov.cn/xxgk2018/xxgk/xxgk01/202512/t20251230_1139345.html","2026-09-09"
"CN033","2026-01-02","网页标示日期","全国","国家","官方解读","优先控制化学品名录（第三批）答记者问","生态环境部","","","","资料记录，非独立法规","解释第三批名录的筛选与管控思路。","适合理解“为什么把一种物质列为优先控制对象”。","https://www.mee.gov.cn/ywdt/zbft/202601/t20260102_1139531.shtml","2026-09-09"
"CN070","2026-01-23","网页标示日期","宁夏","市县","实施进展","银川市新污染物监测体系建设进展","银川市生态环境局","","","","资料记录，非独立法规","介绍监测团队建设及针对当地物质的实验室方法验证。","实验室会测，不代表已掌握所有环境浓度与健康效应。","https://sthjj.yinchuan.gov.cn/xwdt/gzdt_1/202601/t20260123_5145936.html","2026-09-09"
"CN034","2026-03-12","正文通过和公布日期；解读发布2026-03-20","全国","国家","立法进展","中华人民共和国生态环境法典通过并公布","全国人大常委会／中国人大网","2026-03-12","2026-08-15","","已通过并已施行（截至检索日）","全国人大通过生态环境法典，涵盖化学物质污染风险管控等领域。","新污染物治理进入更系统的法治框架；具体义务应按法典及配套规定逐项核对。","https://www.npc.gov.cn/npc/c2/kgfb/202603/t20260320_453349.html","2026-09-09"
"CN035","2026-03-18","网页标示日期","全国","国家","会议进展","2026年全国固体废物与新污染物环境管理工作会议","生态环境部","","","","资料记录，非独立法规","安排“十五五”开局及固体废物、新污染物相关工作。","会议属于工作部署，不能替代具体法规或技术文件。","https://www.mee.gov.cn/ywdt/hjywnews/202603/t20260318_1147004.shtml","2026-09-09"
"CN080","2026-04-27","网页标示日期","全国","国家","实施进展","4月例行新闻发布会：新污染物环境监测","生态环境部","","","","资料记录，非独立法规","就新污染物监测工作和“十五五”协同监测等问题作出答复。","最新监测部署须与年度报告和方法标准配套阅读，不能视作实时浓度数据。","https://www.mee.gov.cn/ywdt/xwfb/202604/t20260427_1150292.shtml","2026-09-09"
"CN071","2026-05-22","成文及落款日期；公开2026-05-24","黑龙江","地方","效力更新","黑龙江宣布一批文件失效：含2022年新污染物治理方案","黑龙江政府或主管部门","2026-05-22","","黑政办发〔2026〕15号","正式失效通知；对应2022年方案","附件第12项列出黑政办发〔2022〕56号，自通知印发之日起不再执行。","旧方案仍有历史研究价值，但不能继续标为现行依据。","https://www.hlj.gov.cn/hlj/c108381/202605/c00_31943256.shtml","2026-09-09"
"CN036","2026-06-12","会议／报道日期","全国","国家","会议进展","新污染物治理部际协调小组第四次会议","生态环境部","","","","资料记录，非独立法规","继续部署科技、治理工程和环境风险源头防控。","跨部门工作机制连续推进，并非一次性行动。","https://www.mee.gov.cn/ywdt/hjywnews/202606/t20260612_1159184.shtml","2026-09-09"
"CN037","2026-07-03","网页标示日期","全国","国家","官方解读","“十五五”美丽中国建设有关规划答记者问","生态环境部","","","","资料记录，非独立法规","介绍规划中固体废物和新污染物治理等方向。","用于理解后续政策走向，不把远期目标当成完成结果。","https://www.mee.gov.cn/ywdt/zbft/202607/t20260703_1160949.shtml","2026-09-09"
"CN038","2026-08-01","网页标示日期","全国","国家","官方解读","生态环境部部长文章：美丽中国建设相关部署","生态环境部","","","","资料记录，非独立法规","关注新污染物治理短板与后续建设任务。","已有政策体系并不意味着科学认识、监测和治理能力已无缺口。","https://www.mee.gov.cn/ywdt/hjywnews/202608/t20260801_1163306.shtml","2026-09-09"
"CN072","2026-08-05","网页标示日期","辽宁","地方","提案答复","辽宁省人大代表建议答复：新污染物治理","辽宁政府或主管部门","","","","资料记录，非独立法规","补充地方方案之后的部门履职与治理工作信息。","从“有没有方案”进一步追踪“之后做了什么”。","https://sthj.ln.gov.cn/sthj/zfxxgk/fdzdgknr/jyta/srddbjy/sssjrdwchy2026n/2026080509040728244/index.shtml","2026-09-09"