"ID","地区","介质","指标","原始值","单位","范围","限制","来源ID","来源URL"
"OBS-01","中国","饮用水","PFAS总量","0.1—502.9","ng/L","526份样本、66个城市；18种PFAS；跨年份跨方法综述","研究汇总，不代表全国同一时点或统一方法","S22","https://link.springer.com/article/10.1186/s12302-020-00425-3"
"OBS-02","中国","自来水","微塑料","440 ± 275","颗粒/L","38份样本；<50 μm占主导，PE/PP常见","强方法依赖；不可与不同粒径下限研究直接比较","S23","https://pubmed.ncbi.nlm.nih.gov/32199168/"
"OBS-03","中国","再生水","抗生素总量","212—4035","ng/L","15个地下水回灌场地","2015年研究；点位和化合物范围有限","S24","https://pubmed.ncbi.nlm.nih.gov/25777955/"
"OBS-04","中国","地下水","抗生素总量","19—1270","ng/L","同一回灌研究场地地下水","2015年研究；非全国代表","S24","https://pubmed.ncbi.nlm.nih.gov/25777955/"
"OBS-05","中国","全国模型","36种抗生素使用量","92700","吨/年","对2013年用量的模型估算","历史模型估算；不是当前实测","S25","https://pubmed.ncbi.nlm.nih.gov/25961663/"
"OBS-06","中国","全国模型","抗生素环境排放量","53800","吨/年","2013年经污水处理后进入环境的模型估算","历史模型估算；不应外推为2026现状","S25","https://pubmed.ncbi.nlm.nih.gov/25961663/"
"OBS-07","中国","全国河流","PPD-Q/母体浓度比","4.9","倍","5种PPD-Q均值总量相对5种母体PPD","轮胎转化产物具有更高环境检出重要性","S26","https://pubs.acs.org/doi/abs/10.1021/acs.est.4c09519"
"OBS-08","中国华南","道路径流","35种橡胶源化学物","ND—228840","ng/L","轮胎和道路源化学物筛查","事件径流；范围受降雨和道路条件影响","S27","https://pubs.acs.org/doi/abs/10.1021/acs.est.3c10737"
"OBS-09","中国","污水处理厂","非靶向PFAS","63","种","17个城市17座污水处理厂；12种首次报道","化合物识别数，不是浓度；显示常规去除不足","S28","https://www.sciencedirect.com/science/article/pii/S0043135420305261"
"OBS-10","美国","公共供水系统","至少一种系统平均值高于2024 PFAS MCL","7.8","%系统","UCMR5最终加权估计，约10130个系统","按2024 MCL口径；政策仍可能调整实施期限","S14","https://www.epa.gov/system/files/documents/2023-08/ucmr5-data-summary_0.pdf"
"OBS-11","美国","阳性采样点","检测到多种PFAS","66","%阳性点位","至少一种PFAS≥MRL的点位中，多PFAS共存比例","MRL依化合物而异","S14","https://www.epa.gov/system/files/documents/2023-08/ucmr5-data-summary_0.pdf"
"OBS-12","美国","大型供水系统","PFOS系统平均值>4 ppt","12.2","%系统","服务人口>10000","UCMR5最终数据；规模分层","S14","https://www.epa.gov/system/files/documents/2023-08/ucmr5-data-summary_0.pdf"
"OBS-13","美国","中型供水系统","PFOS系统平均值>4 ppt","6.0","%系统","服务人口3300—10000","UCMR5最终数据；规模分层","S14","https://www.epa.gov/system/files/documents/2023-08/ucmr5-data-summary_0.pdf"
"OBS-14","美国","小型供水系统","PFOS系统平均值>4 ppt","5.8","%系统","服务人口<3300","UCMR5最终数据；规模分层","S14","https://www.epa.gov/system/files/documents/2023-08/ucmr5-data-summary_0.pdf"
"OBS-15","美国","大型供水系统","PFOA系统平均值>4 ppt","11.0","%系统","服务人口>10000","UCMR5最终数据；规模分层","S14","https://www.epa.gov/system/files/documents/2023-08/ucmr5-data-summary_0.pdf"
"OBS-16","美国","中型供水系统","PFOA系统平均值>4 ppt","5.4","%系统","服务人口3300—10000","UCMR5最终数据；规模分层","S14","https://www.epa.gov/system/files/documents/2023-08/ucmr5-data-summary_0.pdf"
"OBS-17","美国","小型供水系统","PFOA系统平均值>4 ppt","4.4","%系统","服务人口<3300","UCMR5最终数据；规模分层","S14","https://www.epa.gov/system/files/documents/2023-08/ucmr5-data-summary_0.pdf"
"OBS-18","全球","水生生态系统","塑料废物泄漏","19—23","百万吨/年","UNEP全球估计","为塑料废物，不等同于微塑料颗粒计数","S21","https://www.unep.org/topics/ocean-seas-and-coasts/ecosystem-degradation-pollution/plastic-pollution-marine-litter"