"年份","地区","事件","解释","来源ID","来源URL"
"2001","国际","斯德哥尔摩公约通过","建立全球POP消除/限制/非故意排放削减框架","S09","https://www.pops.int/tabid/2509/Default.aspx"
"2002","美国","USGS发表溪流药物等污染物调查","早期全国尺度研究将药物和激素等带入水环境关注视野","S40","https://www.usgs.gov/publications/pharmaceuticals-hormones-and-other-organic-wastewater-contaminants-us-streams"
"2004","国际","斯德哥尔摩公约生效","全球POP治理进入履约阶段","S09","https://www.pops.int/tabid/2509/Default.aspx"
"2017","中国","第一批优先控制化学品名录","PC001—PC022","S03","https://www.mee.gov.cn/gkml/hbb/bgg/201712/t20171229_428832.htm"
"2020","中国","第二批优先控制化学品名录","PC023—PC040","S04","https://www.mee.gov.cn/xxgk2018/xxgk/xxgk01/202011/W020201113571806102775.pdf"
"2020","国际","UNEP化学品和废物关注议题评估","覆盖EDCs、药物、PFAS、纳米材料等","S19","https://www.unep.org/resources/report/assessment-report-issues-concern-chemicals-and-waste-issues-posing-risks-human"
"2021","国际","OECD更新PFAS术语","扩大PFAS定义范围，提醒不同清单口径并不相同","S16","https://www.oecd.org/en/publications/reconciling-terminology-of-the-universe-of-per-and-polyfluoroalkyl-substances_e458e796-en.html"
"2022","中国","新污染物治理行动方案","确立筛、评、控与全生命周期风险管理","S02","https://www.mee.gov.cn/zcwj/gwywj/202205/t20220524_983032.shtml"
"2022","美国","EPA发布CCL 5","66种单体化学物+3组化学污染物","S13","https://www.epa.gov/ccl/ccl-5-chemical-contaminants"
"2023","中国","重点管控新污染物清单施行","14个编号条目；2023-03-01实施","S01","https://www.mee.gov.cn/gzk/gz/202212/t20221230_1009192.shtml"
"2023","中国","PFOS/PFOA水质监测标准发布","HJ 1333—2023","S08","https://big5.mee.gov.cn/gate/big5/www.mee.gov.cn/ywgz/fgbz/bzwb/jcffbz/202312/W020231229571651622222.pdf"
"2023","国际","UNEP发布塑料化学物报告","关注塑料中的添加剂与非有意加入物质","S31","https://www.unep.org/resources/report/chemicals-plastics-technical-report"
"2024","国际","WHO发布抗生素制造污染指南","面向AMR的源头排放控制","S18","https://www.who.int/publications/i/item/9789240097254"
"2024","美国","EPA发布PFAS饮用水规则","PFOA、PFOS等建立MCL/健康指数","S15","https://www.epa.gov/ground-water-and-drinking-water/national-primary-drinking-water-regulations"
"2025","欧盟","更新地表水观察清单","纳入6PPD-Q、药物、唑类等","S10","https://eur-lex.europa.eu/eli/dec_impl/2025/439/oj/eng/pdf"
"2025","中国","第三批优先控制化学品名录","PC041—PC063；优先控制编码累计63","S05","https://www.mee.gov.cn/xxgk2018/xxgk/xxgk01/202512/W020251230600136753257.pdf"
"2025","国际","COP12新增POPs","毒死蜱、中链氯化石蜡、长链PFCAs等","S09","https://www.pops.int/tabid/2509/Default.aspx"
"2025","加拿大","PFAS类别状态报告","对报告范围内PFAS采用类别评估；排除氟聚合物","S33","https://www.canada.ca/en/environment-climate-change/services/evaluating-existing-substances/state-per-polyfluoroalkyl-substances-report.html"
"2026","美国","UCMR5最终数据汇总","形成29种PFAS+锂的大规模公共供水监测证据","S14","https://www.epa.gov/system/files/documents/2023-08/ucmr5-data-summary_0.pdf"
"2026","欧盟","Directive (EU) 2026/805生效","更新地表水与地下水优先物质体系","S12","https://eur-lex.europa.eu/eli/dir/2026/805"
"2026","日本","PFOS和PFOA饮水标准实施","2026年4月起两者合计50 ng/L；勿与单体限值混比","S37","https://www.env.go.jp/content/000388658.pdf"
"2026","澳大利亚","PFAS NEMP 3.1","更新饮水与部分水生态指南值及管理安排","S36","https://www.dcceew.gov.au/environment/protection/publications/pfas-nemp-3"