"id","region","list","name","en","cas","type","status","year","source","source_url","year_meaning"
"PC001","中国","第一批优先控制","1,2,4-三氯苯","1,2,4-Trichlorobenzene","120-82-1","工业化学品/VOC","优先控制","2017","S03","https://www.mee.gov.cn/gkml/hbb/bgg/201712/t20171229_428832.htm","清单版本或施行年份；非采样年"
"PC002","中国","第一批优先控制","1,3-丁二烯","1,3-Butadiene","106-99-0","工业化学品/VOC","优先控制","2017","S03","https://www.mee.gov.cn/gkml/hbb/bgg/201712/t20171229_428832.htm","清单版本或施行年份；非采样年"
"PC003","中国","第一批优先控制","二甲苯麝香","Musk xylene","81-15-2","日化/持久性有机物","优先控制","2017","S03","https://www.mee.gov.cn/gkml/hbb/bgg/201712/t20171229_428832.htm","清单版本或施行年份；非采样年"
"PC004","中国","第一批优先控制","N,N'-二甲苯基对苯二胺","N,N'-Ditolyl-p-phenylenediamine","27417-40-9","橡胶助剂","优先控制","2017","S03","https://www.mee.gov.cn/gkml/hbb/bgg/201712/t20171229_428832.htm","清单版本或施行年份；非采样年"
"PC005","中国","第一批优先控制","短链氯化石蜡","Short-chain chlorinated paraffins","85535-84-8;68920-70-7;71011-12-6;85536-22-7;85681-73-8;108171-26-2","持久性有机物/阻燃增塑","优先控制","2017","S03","https://www.mee.gov.cn/gkml/hbb/bgg/201712/t20171229_428832.htm","清单版本或施行年份；非采样年"
"PC006","中国","第一批优先控制","二氯甲烷","Dichloromethane","75-09-2","溶剂/VOC","优先控制","2017","S03","https://www.mee.gov.cn/gkml/hbb/bgg/201712/t20171229_428832.htm","清单版本或施行年份；非采样年"
"PC007","中国","第一批优先控制","镉及其化合物","Cadmium and compounds","7440-43-9","重金属","优先控制","2017","S03","https://www.mee.gov.cn/gkml/hbb/bgg/201712/t20171229_428832.htm","清单版本或施行年份；非采样年"
"PC008","中国","第一批优先控制","汞及其化合物","Mercury and compounds","7439-97-6","重金属","优先控制","2017","S03","https://www.mee.gov.cn/gkml/hbb/bgg/201712/t20171229_428832.htm","清单版本或施行年份；非采样年"
"PC009","中国","第一批优先控制","甲醛","Formaldehyde","50-00-0","工业化学品/VOC","优先控制","2017","S03","https://www.mee.gov.cn/gkml/hbb/bgg/201712/t20171229_428832.htm","清单版本或施行年份；非采样年"
"PC010","中国","第一批优先控制","六价铬化合物","Hexavalent chromium compounds","18540-29-9","重金属","优先控制","2017","S03","https://www.mee.gov.cn/gkml/hbb/bgg/201712/t20171229_428832.htm","清单版本或施行年份；非采样年"
"PC011","中国","第一批优先控制","六氯环戊二烯","Hexachlorocyclopentadiene","77-47-4","工业化学品","优先控制","2017","S03","https://www.mee.gov.cn/gkml/hbb/bgg/201712/t20171229_428832.htm","清单版本或施行年份；非采样年"
"PC012","中国","第一批优先控制","六溴环十二烷","Hexabromocyclododecane","25637-99-4;3194-55-6;134237-50-6;134237-51-7;134237-52-8","持久性有机物/阻燃剂","优先控制","2017","S03","https://www.mee.gov.cn/gkml/hbb/bgg/201712/t20171229_428832.htm","清单版本或施行年份；非采样年"
"PC013","中国","第一批优先控制","萘","Naphthalene","91-20-3","多环芳烃/VOC","优先控制","2017","S03","https://www.mee.gov.cn/gkml/hbb/bgg/201712/t20171229_428832.htm","清单版本或施行年份；非采样年"
"PC014","中国","第一批优先控制","铅化合物","Lead compounds","7439-92-1","重金属","优先控制","2017","S03","https://www.mee.gov.cn/gkml/hbb/bgg/201712/t20171229_428832.htm","清单版本或施行年份；非采样年"
"PC015","中国","第一批优先控制","全氟辛基磺酸及其盐和全氟辛基磺酰氟","PFOS, salts and PFOSF","1763-23-1;2795-39-3;29081-56-9;29457-72-5;70225-14-8;56773-42-3;251099-16-8;307-35-7","PFAS/持久性有机物","优先控制","2017","S03","https://www.mee.gov.cn/gkml/hbb/bgg/201712/t20171229_428832.htm","清单版本或施行年份；非采样年"
"PC016","中国","第一批优先控制","壬基酚及壬基酚聚氧乙烯醚","Nonylphenol and nonylphenol ethoxylates","25154-52-3;84852-15-3;9016-45-9","内分泌干扰物/表面活性剂","优先控制","2017","S03","https://www.mee.gov.cn/gkml/hbb/bgg/201712/t20171229_428832.htm","清单版本或施行年份；非采样年"
"PC017","中国","第一批优先控制","三氯甲烷","Chloroform","67-66-3","溶剂/VOC","优先控制","2017","S03","https://www.mee.gov.cn/gkml/hbb/bgg/201712/t20171229_428832.htm","清单版本或施行年份；非采样年"
"PC018","中国","第一批优先控制","三氯乙烯","Trichloroethylene","79-01-6","溶剂/VOC","优先控制","2017","S03","https://www.mee.gov.cn/gkml/hbb/bgg/201712/t20171229_428832.htm","清单版本或施行年份；非采样年"
"PC019","中国","第一批优先控制","砷及其化合物","Arsenic and compounds","7440-38-2","类金属","优先控制","2017","S03","https://www.mee.gov.cn/gkml/hbb/bgg/201712/t20171229_428832.htm","清单版本或施行年份；非采样年"
"PC020","中国","第一批优先控制","十溴二苯醚","Decabromodiphenyl ether","1163-19-5","持久性有机物/阻燃剂","优先控制","2017","S03","https://www.mee.gov.cn/gkml/hbb/bgg/201712/t20171229_428832.htm","清单版本或施行年份；非采样年"
"PC021","中国","第一批优先控制","四氯乙烯","Tetrachloroethylene","127-18-4","溶剂/VOC","优先控制","2017","S03","https://www.mee.gov.cn/gkml/hbb/bgg/201712/t20171229_428832.htm","清单版本或施行年份；非采样年"
"PC022","中国","第一批优先控制","乙醛","Acetaldehyde","75-07-0","工业化学品/VOC","优先控制","2017","S03","https://www.mee.gov.cn/gkml/hbb/bgg/201712/t20171229_428832.htm","清单版本或施行年份；非采样年"
"PC023","中国","第二批优先控制","1,1-二氯乙烯","1,1-Dichloroethylene","75-35-4","溶剂/VOC","优先控制","2020","S04","https://www.mee.gov.cn/xxgk2018/xxgk/xxgk01/202011/W020201113571806102775.pdf","清单版本或施行年份；非采样年"
"PC024","中国","第二批优先控制","1,2-二氯丙烷","1,2-Dichloropropane","78-87-5","溶剂/VOC","优先控制","2020","S04","https://www.mee.gov.cn/xxgk2018/xxgk/xxgk01/202011/W020201113571806102775.pdf","清单版本或施行年份；非采样年"
"PC025","中国","第二批优先控制","2,4-二硝基甲苯","2,4-Dinitrotoluene","121-14-2","工业化学品","优先控制","2020","S04","https://www.mee.gov.cn/xxgk2018/xxgk/xxgk01/202011/W020201113571806102775.pdf","清单版本或施行年份；非采样年"
"PC026","中国","第二批优先控制","2,4,6-三叔丁基苯酚","2,4,6-Tri-tert-butylphenol","732-26-3","添加剂","优先控制","2020","S04","https://www.mee.gov.cn/xxgk2018/xxgk/xxgk01/202011/W020201113571806102775.pdf","清单版本或施行年份；非采样年"
"PC027","中国","第二批优先控制","苯","Benzene","71-43-2","VOC","优先控制","2020","S04","https://www.mee.gov.cn/xxgk2018/xxgk/xxgk01/202011/W020201113571806102775.pdf","清单版本或施行年份；非采样年"
"PC028","中国","第二批优先控制","多环芳烃类","Polycyclic aromatic hydrocarbons","56-55-3;218-01-9;50-32-8;205-99-2;207-08-9;120-12-7;53-70-3","多环芳烃/非故意生成","优先控制","2020","S04","https://www.mee.gov.cn/xxgk2018/xxgk/xxgk01/202011/W020201113571806102775.pdf","清单版本或施行年份；非采样年"
"PC029","中国","第二批优先控制","二噁英类","PCDD/F","group","持久性有机物/非故意生成","优先控制","2020","S04","https://www.mee.gov.cn/xxgk2018/xxgk/xxgk01/202011/W020201113571806102775.pdf","清单版本或施行年份；非采样年"
"PC030","中国","第二批优先控制","甲苯","Toluene","108-88-3","VOC","优先控制","2020","S04","https://www.mee.gov.cn/xxgk2018/xxgk/xxgk01/202011/W020201113571806102775.pdf","清单版本或施行年份；非采样年"
"PC031","中国","第二批优先控制","邻甲苯胺","o-Toluidine","95-53-4","工业化学品","优先控制","2020","S04","https://www.mee.gov.cn/xxgk2018/xxgk/xxgk01/202011/W020201113571806102775.pdf","清单版本或施行年份；非采样年"
"PC032","中国","第二批优先控制","磷酸三(2-氯乙基)酯","TCEP","115-96-8","有机磷阻燃剂","优先控制","2020","S04","https://www.mee.gov.cn/xxgk2018/xxgk/xxgk01/202011/W020201113571806102775.pdf","清单版本或施行年份；非采样年"
"PC033","中国","第二批优先控制","六氯丁二烯","Hexachlorobutadiene","87-68-3","持久性有机物","优先控制","2020","S04","https://www.mee.gov.cn/xxgk2018/xxgk/xxgk01/202011/W020201113571806102775.pdf","清单版本或施行年份；非采样年"
"PC034","中国","第二批优先控制","氯代苯类","Pentachlorobenzene and hexachlorobenzene","608-93-5;118-74-1","持久性有机物","优先控制","2020","S04","https://www.mee.gov.cn/xxgk2018/xxgk/xxgk01/202011/W020201113571806102775.pdf","清单版本或施行年份；非采样年"
"PC035","中国","第二批优先控制","全氟辛酸及其盐和相关化合物","PFOA, salts and related compounds","335-67-1","PFAS/持久性有机物","优先控制","2020","S04","https://www.mee.gov.cn/xxgk2018/xxgk/xxgk01/202011/W020201113571806102775.pdf","清单版本或施行年份；非采样年"
"PC036","中国","第二批优先控制","氰化物","Cyanides","group","无机毒物","优先控制","2020","S04","https://www.mee.gov.cn/xxgk2018/xxgk/xxgk01/202011/W020201113571806102775.pdf","清单版本或施行年份；非采样年"
"PC037","中国","第二批优先控制","铊及其化合物","Thallium and compounds","7440-28-0","重金属","优先控制","2020","S04","https://www.mee.gov.cn/xxgk2018/xxgk/xxgk01/202011/W020201113571806102775.pdf","清单版本或施行年份；非采样年"
"PC038","中国","第二批优先控制","五氯苯酚及其盐和酯类","Pentachlorophenol, salts and esters","87-86-5","持久性有机物/农药","优先控制","2020","S04","https://www.mee.gov.cn/xxgk2018/xxgk/xxgk01/202011/W020201113571806102775.pdf","清单版本或施行年份；非采样年"
"PC039","中国","第二批优先控制","五氯苯硫酚","Pentachlorothiophenol","133-49-3","工业化学品","优先控制","2020","S04","https://www.mee.gov.cn/xxgk2018/xxgk/xxgk01/202011/W020201113571806102775.pdf","清单版本或施行年份；非采样年"
"PC040","中国","第二批优先控制","异丙基化磷酸三苯酯","Isopropylated triphenyl phosphate","68937-41-7","有机磷阻燃剂","优先控制","2020","S04","https://www.mee.gov.cn/xxgk2018/xxgk/xxgk01/202011/W020201113571806102775.pdf","清单版本或施行年份；非采样年"
"PC041","中国","第三批优先控制","1,1,2,2-四氯乙烷","1,1,2,2-Tetrachloroethane","79-34-5","溶剂/VOC","优先控制","2025","S05","https://www.mee.gov.cn/xxgk2018/xxgk/xxgk01/202512/W020251230600136753257.pdf","清单版本或施行年份；非采样年"
"PC042","中国","第三批优先控制","1,2-二氯乙烷","1,2-Dichloroethane","107-06-2","溶剂/VOC","优先控制","2025","S05","https://www.mee.gov.cn/xxgk2018/xxgk/xxgk01/202512/W020251230600136753257.pdf","清单版本或施行年份；非采样年"
"PC043","中国","第三批优先控制","1,4-二氯苯","1,4-Dichlorobenzene","106-46-7","工业化学品/VOC","优先控制","2025","S05","https://www.mee.gov.cn/xxgk2018/xxgk/xxgk01/202512/W020251230600136753257.pdf","清单版本或施行年份；非采样年"
"PC044","中国","第三批优先控制","2,6-二叔丁基-4-仲丁基苯酚","2,6-Di-tert-butyl-4-sec-butylphenol","17540-75-9","添加剂","优先控制","2025","S05","https://www.mee.gov.cn/xxgk2018/xxgk/xxgk01/202512/W020251230600136753257.pdf","清单版本或施行年份；非采样年"
"PC045","中国","第三批优先控制","四溴邻苯二甲酸双(2-乙基己基)酯","Bis(2-ethylhexyl) tetrabromophthalate","26040-51-7","阻燃剂/增塑剂","优先控制","2025","S05","https://www.mee.gov.cn/xxgk2018/xxgk/xxgk01/202512/W020251230600136753257.pdf","清单版本或施行年份；非采样年"
"PC046","中国","第三批优先控制","NOBS橡胶硫化促进剂","NOBS","102-77-2","橡胶助剂","优先控制","2025","S05","https://www.mee.gov.cn/xxgk2018/xxgk/xxgk01/202512/W020251230600136753257.pdf","清单版本或施行年份；非采样年"
"PC047","中国","第三批优先控制","4-叔辛基苯酚","4-tert-Octylphenol","140-66-9","内分泌干扰物/表面活性剂","优先控制","2025","S05","https://www.mee.gov.cn/xxgk2018/xxgk/xxgk01/202512/W020251230600136753257.pdf","清单版本或施行年份；非采样年"
"PC048","中国","第三批优先控制","杀虫脒","Chlordimeform","6164-98-3","农药","优先控制","2025","S05","https://www.mee.gov.cn/xxgk2018/xxgk/xxgk01/202512/W020251230600136753257.pdf","清单版本或施行年份；非采样年"
"PC049","中国","第三批优先控制","N-苯基-2-萘胺","N-Phenyl-2-naphthylamine","135-88-6","橡胶助剂","优先控制","2025","S05","https://www.mee.gov.cn/xxgk2018/xxgk/xxgk01/202512/W020251230600136753257.pdf","清单版本或施行年份；非采样年"
"PC050","中国","第三批优先控制","联苯胺","Benzidine","92-87-5","工业化学品","优先控制","2025","S05","https://www.mee.gov.cn/xxgk2018/xxgk/xxgk01/202512/W020251230600136753257.pdf","清单版本或施行年份；非采样年"
"PC051","中国","第三批优先控制","对羟基苯甲酸丁酯","Butylparaben","94-26-8","日化/内分泌活性","优先控制","2025","S05","https://www.mee.gov.cn/xxgk2018/xxgk/xxgk01/202512/W020251230600136753257.pdf","清单版本或施行年份；非采样年"
"PC052","中国","第三批优先控制","氟乙酸钠","Sodium fluoroacetate","62-74-8","农药/毒物","优先控制","2025","S05","https://www.mee.gov.cn/xxgk2018/xxgk/xxgk01/202512/W020251230600136753257.pdf","清单版本或施行年份；非采样年"
"PC053","中国","第三批优先控制","邻苯二甲酸丁苄酯","BBP","85-68-7","邻苯二甲酸酯/增塑剂","优先控制","2025","S05","https://www.mee.gov.cn/xxgk2018/xxgk/xxgk01/202512/W020251230600136753257.pdf","清单版本或施行年份；非采样年"
"PC054","中国","第三批优先控制","邻苯二甲酸二(2-乙基己基)酯","DEHP","117-81-7","邻苯二甲酸酯/增塑剂","优先控制","2025","S05","https://www.mee.gov.cn/xxgk2018/xxgk/xxgk01/202512/W020251230600136753257.pdf","清单版本或施行年份；非采样年"
"PC055","中国","第三批优先控制","邻苯二甲酸二丁酯","DBP","84-74-2","邻苯二甲酸酯/增塑剂","优先控制","2025","S05","https://www.mee.gov.cn/xxgk2018/xxgk/xxgk01/202512/W020251230600136753257.pdf","清单版本或施行年份；非采样年"
"PC056","中国","第三批优先控制","邻苯二甲酸二异丁酯","DIBP","84-69-5","邻苯二甲酸酯/增塑剂","优先控制","2025","S05","https://www.mee.gov.cn/xxgk2018/xxgk/xxgk01/202512/W020251230600136753257.pdf","清单版本或施行年份；非采样年"
"PC057","中国","第三批优先控制","磷酸三(2,3-二溴丙基)酯","Tris(2,3-dibromopropyl) phosphate","126-72-7","阻燃剂","优先控制","2025","S05","https://www.mee.gov.cn/xxgk2018/xxgk/xxgk01/202512/W020251230600136753257.pdf","清单版本或施行年份；非采样年"
"PC058","中国","第三批优先控制","氯甲基甲醚","Chloromethyl methyl ether","107-30-2","工业化学品","优先控制","2025","S05","https://www.mee.gov.cn/xxgk2018/xxgk/xxgk01/202512/W020251230600136753257.pdf","清单版本或施行年份；非采样年"
"PC059","中国","第三批优先控制","亚磷酸三(壬基苯基)酯","Tris(4-nonylphenyl) phosphite","3050-88-2","塑料添加剂","优先控制","2025","S05","https://www.mee.gov.cn/xxgk2018/xxgk/xxgk01/202512/W020251230600136753257.pdf","清单版本或施行年份；非采样年"
"PC060","中国","第三批优先控制","双酚A","Bisphenol A","80-05-7","内分泌干扰物/塑料","优先控制","2025","S05","https://www.mee.gov.cn/xxgk2018/xxgk/xxgk01/202512/W020251230600136753257.pdf","清单版本或施行年份；非采样年"
"PC061","中国","第三批优先控制","五溴苯酚","Pentabromophenol","608-71-9","阻燃剂","优先控制","2025","S05","https://www.mee.gov.cn/xxgk2018/xxgk/xxgk01/202512/W020251230600136753257.pdf","清单版本或施行年份；非采样年"
"PC062","中国","第三批优先控制","双(氯甲基)醚","Bis(chloromethyl) ether","542-88-1","工业化学品","优先控制","2025","S05","https://www.mee.gov.cn/xxgk2018/xxgk/xxgk01/202512/W020251230600136753257.pdf","清单版本或施行年份；非采样年"
"PC063","中国","第三批优先控制","全氟和多氟烷基化合物","PFAS: long-chain PFCAs plus 28 listed PFAS","group","PFAS","优先控制","2025","S05","https://www.mee.gov.cn/xxgk2018/xxgk/xxgk01/202512/W020251230600136753257.pdf","清单版本或施行年份；非采样年"
"CN-K01","中国","重点管控清单","全氟辛基磺酸及其盐和全氟辛基磺酰氟","PFOS, salts and PFOSF","1763-23-1","PFAS","禁止/限制生产使用；历史消防泡沫豁免已于2023-12-31到期；2024-01-01起禁止进出口","2023","S01","https://www.mee.gov.cn/gzk/gz/202212/t20221230_1009192.shtml","清单版本或施行年份；非采样年"
"CN-K02","中国","重点管控清单","全氟辛酸及其盐和相关化合物","PFOA, salts and related compounds","335-67-1","PFAS","禁止/限制生产使用，保留清单规定的特定用途豁免","2023","S01","https://www.mee.gov.cn/gzk/gz/202212/t20221230_1009192.shtml","清单版本或施行年份；非采样年"
"CN-K03","中国","重点管控清单","十溴二苯醚","Decabromodiphenyl ether","1163-19-5","持久性有机物/阻燃剂","禁止生产、加工使用和进出口；历史豁免已到期","2023","S01","https://www.mee.gov.cn/gzk/gz/202212/t20221230_1009192.shtml","清单版本或施行年份；非采样年"
"CN-K04","中国","重点管控清单","短链氯化石蜡","Short-chain chlorinated paraffins","85535-84-8","持久性有机物/增塑阻燃","禁止生产、加工使用和进出口；历史豁免已到期","2023","S01","https://www.mee.gov.cn/gzk/gz/202212/t20221230_1009192.shtml","清单版本或施行年份；非采样年"
"CN-K05","中国","重点管控清单","六氯丁二烯","Hexachlorobutadiene","87-68-3","持久性有机物","禁止生产、加工使用和进出口；控制非故意排放","2023","S01","https://www.mee.gov.cn/gzk/gz/202212/t20221230_1009192.shtml","清单版本或施行年份；非采样年"
"CN-K06","中国","重点管控清单","五氯苯酚及其盐和酯类","Pentachlorophenol, salts and esters","87-86-5","持久性有机物/农药","禁止生产、加工使用和进出口","2023","S01","https://www.mee.gov.cn/gzk/gz/202212/t20221230_1009192.shtml","清单版本或施行年份；非采样年"
"CN-K07","中国","重点管控清单","三氯杀螨醇","Dicofol","115-32-2;10606-46-9","持久性有机物/农药","禁止生产、加工使用和进出口","2023","S01","https://www.mee.gov.cn/gzk/gz/202212/t20221230_1009192.shtml","清单版本或施行年份；非采样年"
"CN-K08","中国","重点管控清单","全氟己基磺酸及其盐和相关化合物","PFHxS, salts and related compounds","355-46-4","PFAS","禁止生产、加工使用和进出口","2023","S01","https://www.mee.gov.cn/gzk/gz/202212/t20221230_1009192.shtml","清单版本或施行年份；非采样年"
"CN-K09","中国","重点管控清单","得克隆及其顺式和反式异构体","Dechlorane Plus and isomers","13560-89-9;135821-03-3;135821-74-8","持久性有机物/阻燃剂","2024-01-01起禁止生产、加工使用和进出口","2023","S01","https://www.mee.gov.cn/gzk/gz/202212/t20221230_1009192.shtml","清单版本或施行年份；非采样年"
"CN-K10","中国","重点管控清单","二氯甲烷","Dichloromethane","75-09-2","溶剂/VOC","限制用于脱漆剂、化妆品和清洗剂；执行排放监测","2023","S01","https://www.mee.gov.cn/gzk/gz/202212/t20221230_1009192.shtml","清单版本或施行年份；非采样年"
"CN-K11","中国","重点管控清单","三氯甲烷","Chloroform","67-66-3","溶剂/VOC","限制用于相关产品；执行排放和环境监测","2023","S01","https://www.mee.gov.cn/gzk/gz/202212/t20221230_1009192.shtml","清单版本或施行年份；非采样年"
"CN-K12","中国","重点管控清单","壬基酚","Nonylphenol","25154-52-3;84852-15-3","内分泌干扰物/表面活性剂","禁止作为农药助剂、生产NPEO和用于化妆品等列明用途","2023","S01","https://www.mee.gov.cn/gzk/gz/202212/t20221230_1009192.shtml","清单版本或施行年份；非采样年"
"CN-K13","中国","重点管控清单","抗生素","Antibiotics","group","药物/抗微生物耐药","处方管理、减少环境排放；属于危废的残渣按危废管理","2023","S01","https://www.mee.gov.cn/gzk/gz/202212/t20221230_1009192.shtml","清单版本或施行年份；非采样年"
"CN-K14","中国","重点管控清单","已淘汰类持久性有机污染物","Legacy eliminated POPs","group","持久性有机物","HBCDD、氯丹、灭蚁灵、HCB、DDT、α/β-HCH、林丹、硫丹、PCB等禁止","2023","S01","https://www.mee.gov.cn/gzk/gz/202212/t20221230_1009192.shtml","清单版本或施行年份；非采样年"
"STK-01","国际公约","Stockholm 附件A","艾氏剂","Aldrin","309-00-2","农药","有意生产和使用原则上消除","","S09","https://www.pops.int/tabid/2509/Default.aspx","清单版本或施行年份；非采样年"
"STK-02","国际公约","Stockholm 附件A","氯丹","Chlordane","57-74-9","农药","消除","","S09","https://www.pops.int/tabid/2509/Default.aspx","清单版本或施行年份；非采样年"
"STK-03","国际公约","Stockholm 附件A","十氯酮","Chlordecone","143-50-0","农药","消除","","S09","https://www.pops.int/tabid/2509/Default.aspx","清单版本或施行年份；非采样年"
"STK-04","国际公约","Stockholm 附件A","毒死蜱","Chlorpyrifos","2921-88-2","农药","2025年列入；消除并按附件管理豁免","","S09","https://www.pops.int/tabid/2509/Default.aspx","清单版本或施行年份；非采样年"
"STK-05","国际公约","Stockholm 附件A","十溴二苯醚","Decabromodiphenyl ether","1163-19-5","阻燃剂","消除并管理特定豁免","","S09","https://www.pops.int/tabid/2509/Default.aspx","清单版本或施行年份；非采样年"
"STK-06","国际公约","Stockholm 附件A","得克隆","Dechlorane Plus","13560-89-9","阻燃剂","消除并管理特定豁免","","S09","https://www.pops.int/tabid/2509/Default.aspx","清单版本或施行年份；非采样年"
"STK-07","国际公约","Stockholm 附件A","三氯杀螨醇","Dicofol","115-32-2","农药","消除","","S09","https://www.pops.int/tabid/2509/Default.aspx","清单版本或施行年份；非采样年"
"STK-08","国际公约","Stockholm 附件A","狄氏剂","Dieldrin","60-57-1","农药","消除","","S09","https://www.pops.int/tabid/2509/Default.aspx","清单版本或施行年份；非采样年"
"STK-09","国际公约","Stockholm 附件A","异狄氏剂","Endrin","72-20-8","农药","消除","","S09","https://www.pops.int/tabid/2509/Default.aspx","清单版本或施行年份；非采样年"
"STK-10","国际公约","Stockholm 附件A","七氯","Heptachlor","76-44-8","农药","消除","","S09","https://www.pops.int/tabid/2509/Default.aspx","清单版本或施行年份；非采样年"
"STK-11","国际公约","Stockholm 附件A","六溴联苯","Hexabromobiphenyl","36355-01-8","阻燃剂","消除","","S09","https://www.pops.int/tabid/2509/Default.aspx","清单版本或施行年份；非采样年"
"STK-12","国际公约","Stockholm 附件A","六溴环十二烷","Hexabromocyclododecane","25637-99-4","阻燃剂","消除并管理特定豁免","","S09","https://www.pops.int/tabid/2509/Default.aspx","清单版本或施行年份；非采样年"
"STK-13","国际公约","Stockholm 附件A","六/七溴二苯醚","HexaBDE and heptaBDE","group","阻燃剂","消除并管理回收相关豁免","","S09","https://www.pops.int/tabid/2509/Default.aspx","清单版本或施行年份；非采样年"
"STK-14","国际公约","Stockholm 附件A/C","六氯苯","Hexachlorobenzene","118-74-1","农药/工业副产物","消除；并削减非故意排放","","S09","https://www.pops.int/tabid/2509/Default.aspx","清单版本或施行年份；非采样年"
"STK-15","国际公约","Stockholm 附件A/C","六氯丁二烯","Hexachlorobutadiene","87-68-3","工业化学品","消除；并削减非故意排放","","S09","https://www.pops.int/tabid/2509/Default.aspx","清单版本或施行年份；非采样年"
"STK-16","国际公约","Stockholm 附件A","α-六氯环己烷","Alpha hexachlorocyclohexane","319-84-6","农药副产物","消除","","S09","https://www.pops.int/tabid/2509/Default.aspx","清单版本或施行年份；非采样年"
"STK-17","国际公约","Stockholm 附件A","β-六氯环己烷","Beta hexachlorocyclohexane","319-85-7","农药副产物","消除","","S09","https://www.pops.int/tabid/2509/Default.aspx","清单版本或施行年份；非采样年"
"STK-18","国际公约","Stockholm 附件A","林丹","Lindane","58-89-9","农药/医药","消除并管理特定医药豁免","","S09","https://www.pops.int/tabid/2509/Default.aspx","清单版本或施行年份；非采样年"
"STK-19","国际公约","Stockholm 附件A","长链全氟羧酸及其盐和相关化合物","Long-chain PFCAs, salts and related compounds","group","PFAS","2025年列入；消除并管理豁免","","S09","https://www.pops.int/tabid/2509/Default.aspx","清单版本或施行年份；非采样年"
"STK-20","国际公约","Stockholm 附件A","中链氯化石蜡","Medium-chain chlorinated paraffins","85535-85-9","阻燃增塑剂","2025年列入；消除并管理豁免","","S09","https://www.pops.int/tabid/2509/Default.aspx","清单版本或施行年份；非采样年"
"STK-21","国际公约","Stockholm 附件A","甲氧滴滴涕","Methoxychlor","72-43-5","农药","消除","","S09","https://www.pops.int/tabid/2509/Default.aspx","清单版本或施行年份；非采样年"
"STK-22","国际公约","Stockholm 附件A","灭蚁灵","Mirex","2385-85-5","农药/阻燃剂","消除","","S09","https://www.pops.int/tabid/2509/Default.aspx","清单版本或施行年份；非采样年"
"STK-23","国际公约","Stockholm 附件A/C","五氯苯","Pentachlorobenzene","608-93-5","农药/工业副产物","消除；并削减非故意排放","","S09","https://www.pops.int/tabid/2509/Default.aspx","清单版本或施行年份；非采样年"
"STK-24","国际公约","Stockholm 附件A","五氯苯酚及其盐和酯类","Pentachlorophenol, salts and esters","87-86-5","农药","消除并管理特定豁免","","S09","https://www.pops.int/tabid/2509/Default.aspx","清单版本或施行年份；非采样年"
"STK-25","国际公约","Stockholm 附件A/C","多氯联苯","Polychlorinated biphenyls","1336-36-3","工业化学品","消除存量设备；削减非故意排放","","S09","https://www.pops.int/tabid/2509/Default.aspx","清单版本或施行年份；非采样年"
"STK-26","国际公约","Stockholm 附件A/C","多氯萘","Polychlorinated naphthalenes","group","工业化学品/副产物","消除并削减非故意排放","","S09","https://www.pops.int/tabid/2509/Default.aspx","清单版本或施行年份；非采样年"
"STK-27","国际公约","Stockholm 附件A","全氟辛酸及其盐和相关化合物","PFOA, salts and related compounds","335-67-1","PFAS","消除并管理特定豁免","","S09","https://www.pops.int/tabid/2509/Default.aspx","清单版本或施行年份；非采样年"
"STK-28","国际公约","Stockholm 附件A","全氟己基磺酸及其盐和相关化合物","PFHxS, salts and related compounds","355-46-4","PFAS","消除","","S09","https://www.pops.int/tabid/2509/Default.aspx","清单版本或施行年份；非采样年"
"STK-29","国际公约","Stockholm 附件A","短链氯化石蜡","Short-chain chlorinated paraffins","85535-84-8","阻燃增塑剂","消除并管理特定豁免","","S09","https://www.pops.int/tabid/2509/Default.aspx","清单版本或施行年份；非采样年"
"STK-30","国际公约","Stockholm 附件A","硫丹及其异构体","Technical endosulfan and isomers","115-29-7","农药","消除并管理特定豁免","","S09","https://www.pops.int/tabid/2509/Default.aspx","清单版本或施行年份；非采样年"
"STK-31","国际公约","Stockholm 附件A","四/五溴二苯醚","TetraBDE and pentaBDE","group","阻燃剂","消除并管理回收相关豁免","","S09","https://www.pops.int/tabid/2509/Default.aspx","清单版本或施行年份；非采样年"
"STK-32","国际公约","Stockholm 附件A","毒杀芬","Toxaphene","8001-35-2","农药","消除","","S09","https://www.pops.int/tabid/2509/Default.aspx","清单版本或施行年份；非采样年"
"STK-33","国际公约","Stockholm 附件A","紫外线吸收剂UV-328","UV-328","25973-55-1","塑料添加剂","消除并管理特定豁免","","S09","https://www.pops.int/tabid/2509/Default.aspx","清单版本或施行年份；非采样年"
"STK-34","国际公约","Stockholm 附件B","滴滴涕","DDT","50-29-3","农药","限制；仅允许附件规定用途","","S09","https://www.pops.int/tabid/2509/Default.aspx","清单版本或施行年份；非采样年"
"STK-35","国际公约","Stockholm 附件B","全氟辛基磺酸及其盐和全氟辛基磺酰氟","PFOS, salts and PFOSF","1763-23-1","PFAS","限制；仅允许附件规定用途","","S09","https://www.pops.int/tabid/2509/Default.aspx","清单版本或施行年份；非采样年"
"EUW-01","欧盟","2025地表水观察清单·摘录","氟虫腈","Fipronil","120068-37-3","农药","观察监测；MQL 0.77 ng/L（分析性能要求）","2025","S10","https://eur-lex.europa.eu/eli/dec_impl/2025/439/oj/eng/pdf","清单版本或施行年份；非采样年"
"EUW-02","欧盟","2025地表水观察清单·摘录","克林霉素","Clindamycin","18323-44-9","抗生素","观察监测；MQL 44 ng/L（分析性能要求）","2025","S10","https://eur-lex.europa.eu/eli/dec_impl/2025/439/oj/eng/pdf","清单版本或施行年份；非采样年"
"EUW-03","欧盟","2025地表水观察清单·摘录","氧氟沙星","Ofloxacin","82419-36-1","抗生素","观察监测；MQL 26 ng/L（分析性能要求）","2025","S10","https://eur-lex.europa.eu/eli/dec_impl/2025/439/oj/eng/pdf","清单版本或施行年份；非采样年"
"EUW-04","欧盟","2025地表水观察清单·摘录","二甲双胍","Metformin","657-24-9","药物","观察监测；MQL 156000 ng/L（分析性能要求）","2025","S10","https://eur-lex.europa.eu/eli/dec_impl/2025/439/oj/eng/pdf","清单版本或施行年份；非采样年"
"EUW-05","欧盟","2025地表水观察清单·摘录","胍基脲","Guanylurea","141-83-3","药物转化产物","观察监测；MQL 100000 ng/L（分析性能要求）","2025","S10","https://eur-lex.europa.eu/eli/dec_impl/2025/439/oj/eng/pdf","清单版本或施行年份；非采样年"
"EUW-06","欧盟","2025地表水观察清单·摘录","阿伏苯宗","Avobenzone","70356-09-1","防晒剂","观察监测；MQL 3000 ng/L（分析性能要求）","2025","S10","https://eur-lex.europa.eu/eli/dec_impl/2025/439/oj/eng/pdf","清单版本或施行年份；非采样年"
"EUW-07","欧盟","2025地表水观察清单·摘录","奥克立林","Octocrylene","6197-30-4","防晒剂","观察监测；MQL 266 ng/L（分析性能要求）","2025","S10","https://eur-lex.europa.eu/eli/dec_impl/2025/439/oj/eng/pdf","清单版本或施行年份；非采样年"
"EUW-08","欧盟","2025地表水观察清单·摘录","氧苯酮","Oxybenzone / Benzophenone-3","131-57-7","防晒剂","观察监测；MQL 670 ng/L（分析性能要求）","2025","S10","https://eur-lex.europa.eu/eli/dec_impl/2025/439/oj/eng/pdf","清单版本或施行年份；非采样年"
"EUW-09","欧盟","2025地表水观察清单·摘录","水杨酸乙基己酯","Octisalate","118-60-5","防晒剂","观察监测；MQL 168 ng/L（分析性能要求）","2025","S10","https://eur-lex.europa.eu/eli/dec_impl/2025/439/oj/eng/pdf","清单版本或施行年份；非采样年"
"EUW-10","欧盟","2025地表水观察清单·摘录","N-(1,3-二甲基丁基)-N'-苯基对苯二胺","6PPD","793-24-8","轮胎抗氧剂","观察监测；MQL 370 ng/L（分析性能要求）","2025","S10","https://eur-lex.europa.eu/eli/dec_impl/2025/439/oj/eng/pdf","清单版本或施行年份；非采样年"
"EUW-11","欧盟","2025地表水观察清单·摘录","6PPD-醌","6PPD-quinone","2754428-18-5","轮胎转化产物","观察监测；MQL 370 ng/L（分析性能要求）","2025","S10","https://eur-lex.europa.eu/eli/dec_impl/2025/439/oj/eng/pdf","清单版本或施行年份；非采样年"
"EUW-12","欧盟","2025地表水观察清单·摘录","阿维菌素","Abamectin","71751-41-2","农药","观察监测；MQL 1 ng/L（分析性能要求）","2025","S10","https://eur-lex.europa.eu/eli/dec_impl/2025/439/oj/eng/pdf","清单版本或施行年份；非采样年"
"EUW-13","欧盟","2025地表水观察清单·摘录","阿维菌素B1a","Avermectin B1a","65195-55-3","农药","观察监测；MQL 1 ng/L（分析性能要求）","2025","S10","https://eur-lex.europa.eu/eli/dec_impl/2025/439/oj/eng/pdf","清单版本或施行年份；非采样年"
"EUW-14","欧盟","2025地表水观察清单·摘录","阿维菌素B1b","Avermectin B1b","65195-56-4","农药","观察监测；MQL 1 ng/L（分析性能要求）","2025","S10","https://eur-lex.europa.eu/eli/dec_impl/2025/439/oj/eng/pdf","清单版本或施行年份；非采样年"
"EUW-15","欧盟","2025地表水观察清单·摘录","溴菌唑","Bromuconazole","116255-48-2","唑类","观察监测；MQL 15 ng/L（分析性能要求）","2025","S10","https://eur-lex.europa.eu/eli/dec_impl/2025/439/oj/eng/pdf","清单版本或施行年份；非采样年"
"EUW-16","欧盟","2025地表水观察清单·摘录","氯咪巴唑","Climbazole","38083-17-9","唑类/日化","观察监测；MQL 110 ng/L（分析性能要求）","2025","S10","https://eur-lex.europa.eu/eli/dec_impl/2025/439/oj/eng/pdf","清单版本或施行年份；非采样年"
"EUW-17","欧盟","2025地表水观察清单·摘录","氰霜唑","Cyazofamid","120116-88-3","唑类农药","观察监测；MQL 130 ng/L（分析性能要求）","2025","S10","https://eur-lex.europa.eu/eli/dec_impl/2025/439/oj/eng/pdf","清单版本或施行年份；非采样年"
"EUW-18","欧盟","2025地表水观察清单·摘录","苯醚甲环唑","Difenoconazole","119446-68-3","唑类农药","观察监测；MQL 360 ng/L（分析性能要求）","2025","S10","https://eur-lex.europa.eu/eli/dec_impl/2025/439/oj/eng/pdf","清单版本或施行年份；非采样年"
"EUW-19","欧盟","2025地表水观察清单·摘录","环氧菌唑","Epoxiconazole","133855-98-8","唑类农药","观察监测；MQL 180 ng/L（分析性能要求）","2025","S10","https://eur-lex.europa.eu/eli/dec_impl/2025/439/oj/eng/pdf","清单版本或施行年份；非采样年"
"EUW-20","欧盟","2025地表水观察清单·摘录","伊曲康唑","Itraconazole","84625-61-6","唑类药物","观察监测；MQL 8 ng/L（分析性能要求）","2025","S10","https://eur-lex.europa.eu/eli/dec_impl/2025/439/oj/eng/pdf","清单版本或施行年份；非采样年"
"EUW-21","欧盟","2025地表水观察清单·摘录","酮康唑","Ketoconazole","65277-42-1","唑类药物","观察监测；MQL 50 ng/L（分析性能要求）","2025","S10","https://eur-lex.europa.eu/eli/dec_impl/2025/439/oj/eng/pdf","清单版本或施行年份；非采样年"
"EUW-22","欧盟","2025地表水观察清单·摘录","Mefentrifluconazole（以英文及CAS识别）","Mefentrifluconazole","1417782-03-6","唑类农药","观察监测；MQL 1600 ng/L（分析性能要求）","2025","S10","https://eur-lex.europa.eu/eli/dec_impl/2025/439/oj/eng/pdf","清单版本或施行年份；非采样年"
"EUW-23","欧盟","2025地表水观察清单·摘录","丙环唑","Propiconazole","60207-90-1","唑类农药","观察监测；MQL 1000 ng/L（分析性能要求）","2025","S10","https://eur-lex.europa.eu/eli/dec_impl/2025/439/oj/eng/pdf","清单版本或施行年份；非采样年"
"EUW-24","欧盟","2025地表水观察清单·摘录","灭菌唑","Triticonazole","131983-72-7","唑类农药","观察监测；MQL 1000 ng/L（分析性能要求）","2025","S10","https://eur-lex.europa.eu/eli/dec_impl/2025/439/oj/eng/pdf","清单版本或施行年份；非采样年"
"EUW-25","欧盟","2025地表水观察清单·摘录","乙螨唑","Etoxazole","153233-91-1","农药","观察监测；MQL 0.4 ng/L（分析性能要求）","2025","S10","https://eur-lex.europa.eu/eli/dec_impl/2025/439/oj/eng/pdf","清单版本或施行年份；非采样年"
"EUW-26","欧盟","2025地表水观察清单·摘录","氟西汀","Fluoxetine","54910-89-3","药物/抗抑郁剂","观察监测","2025","S10","https://eur-lex.europa.eu/eli/dec_impl/2025/439/oj/eng/pdf","清单版本或施行年份；非采样年"
"EUW-27","欧盟","2025地表水观察清单·摘录","普萘洛尔","Propranolol","525-66-6","药物/β阻滞剂","观察监测","2025","S10","https://eur-lex.europa.eu/eli/dec_impl/2025/439/oj/eng/pdf","清单版本或施行年份；非采样年"
"EUW-28","欧盟","2025地表水观察清单·摘录","土霉素","Oxytetracycline","79-57-2","抗生素","观察监测","2025","S10","https://eur-lex.europa.eu/eli/dec_impl/2025/439/oj/eng/pdf","清单版本或施行年份；非采样年"
"EUW-29","欧盟","2025地表水观察清单·摘录","四环素","Tetracycline","60-54-8","抗生素","观察监测","2025","S10","https://eur-lex.europa.eu/eli/dec_impl/2025/439/oj/eng/pdf","清单版本或施行年份；非采样年"
"USC-01","美国","CCL 5 化学候选清单","1,2,3-三氯丙烷","1,2,3-Trichloropropane","96-18-4","工业化学品","候选研究与监管决定","2022","S13","https://www.epa.gov/ccl/ccl-5-chemical-contaminants","清单版本或施行年份；非采样年"
"USC-02","美国","CCL 5 化学候选清单","1,4-二噁烷","1,4-Dioxane","123-91-1","溶剂/副产物","候选研究与监管决定","2022","S13","https://www.epa.gov/ccl/ccl-5-chemical-contaminants","清单版本或施行年份；非采样年"
"USC-03","美国","CCL 5 化学候选清单","17α-炔雌醇","17-alpha Ethynyl estradiol","57-63-6","激素/药物","候选研究与监管决定","2022","S13","https://www.epa.gov/ccl/ccl-5-chemical-contaminants","清单版本或施行年份；非采样年"
"USC-04","美国","CCL 5 化学候选清单","2,4-二硝基苯酚","2,4-Dinitrophenol","51-28-5","工业化学品","候选研究与监管决定","2022","S13","https://www.epa.gov/ccl/ccl-5-chemical-contaminants","清单版本或施行年份；非采样年"
"USC-05","美国","CCL 5 化学候选清单","邻甲苯胺","2-Aminotoluene","95-53-4","工业化学品","候选研究与监管决定","2022","S13","https://www.epa.gov/ccl/ccl-5-chemical-contaminants","清单版本或施行年份；非采样年"
"USC-06","美国","CCL 5 化学候选清单","2-羟基莠去津","2-Hydroxyatrazine","2163-68-0","农药转化产物","候选研究与监管决定","2022","S13","https://www.epa.gov/ccl/ccl-5-chemical-contaminants","清单版本或施行年份；非采样年"
"USC-07","美国","CCL 5 化学候选清单","脱异丙基脱乙基莠去津","6-Chloro-1,3,5-triazine-2,4-diamine","3397-62-4","农药转化产物","候选研究与监管决定","2022","S13","https://www.epa.gov/ccl/ccl-5-chemical-contaminants","清单版本或施行年份；非采样年"
"USC-08","美国","CCL 5 化学候选清单","乙酰甲胺磷","Acephate","30560-19-1","农药","候选研究与监管决定","2022","S13","https://www.epa.gov/ccl/ccl-5-chemical-contaminants","清单版本或施行年份；非采样年"
"USC-09","美国","CCL 5 化学候选清单","丙烯醛","Acrolein","107-02-8","工业化学品","候选研究与监管决定","2022","S13","https://www.epa.gov/ccl/ccl-5-chemical-contaminants","清单版本或施行年份；非采样年"
"USC-10","美国","CCL 5 化学候选清单","α-六氯环己烷","Alpha-HCH","319-84-6","农药/POP","候选研究与监管决定","2022","S13","https://www.epa.gov/ccl/ccl-5-chemical-contaminants","清单版本或施行年份；非采样年"
"USC-11","美国","CCL 5 化学候选清单","蒽醌","Anthraquinone","84-65-1","工业化学品","候选研究与监管决定","2022","S13","https://www.epa.gov/ccl/ccl-5-chemical-contaminants","清单版本或施行年份；非采样年"
"USC-12","美国","CCL 5 化学候选清单","地散磷","Bensulide","741-58-2","农药","候选研究与监管决定","2022","S13","https://www.epa.gov/ccl/ccl-5-chemical-contaminants","清单版本或施行年份；非采样年"
"USC-13","美国","CCL 5 化学候选清单","双酚A","Bisphenol A","80-05-7","内分泌活性/塑料","候选研究与监管决定","2022","S13","https://www.epa.gov/ccl/ccl-5-chemical-contaminants","清单版本或施行年份；非采样年"
"USC-14","美国","CCL 5 化学候选清单","硼","Boron","7440-42-8","无机物","候选研究与监管决定","2022","S13","https://www.epa.gov/ccl/ccl-5-chemical-contaminants","清单版本或施行年份；非采样年"
"USC-15","美国","CCL 5 化学候选清单","溴苯腈","Bromoxynil","1689-84-5","农药","候选研究与监管决定","2022","S13","https://www.epa.gov/ccl/ccl-5-chemical-contaminants","清单版本或施行年份；非采样年"
"USC-16","美国","CCL 5 化学候选清单","甲萘威","Carbaryl","63-25-2","农药","候选研究与监管决定","2022","S13","https://www.epa.gov/ccl/ccl-5-chemical-contaminants","清单版本或施行年份；非采样年"
"USC-17","美国","CCL 5 化学候选清单","多菌灵","Carbendazim","10605-21-7","农药","候选研究与监管决定","2022","S13","https://www.epa.gov/ccl/ccl-5-chemical-contaminants","清单版本或施行年份；非采样年"
"USC-18","美国","CCL 5 化学候选清单","十氯酮","Chlordecone","143-50-0","农药/POP","候选研究与监管决定","2022","S13","https://www.epa.gov/ccl/ccl-5-chemical-contaminants","清单版本或施行年份；非采样年"
"USC-19","美国","CCL 5 化学候选清单","毒死蜱","Chlorpyrifos","2921-88-2","农药","候选研究与监管决定","2022","S13","https://www.epa.gov/ccl/ccl-5-chemical-contaminants","清单版本或施行年份；非采样年"
"USC-20","美国","CCL 5 化学候选清单","钴","Cobalt","7440-48-4","金属","候选研究与监管决定","2022","S13","https://www.epa.gov/ccl/ccl-5-chemical-contaminants","清单版本或施行年份；非采样年"
"USC-21","美国","CCL 5 化学候选清单","蓝藻毒素组","Cyanotoxins group","group","天然毒素组","候选研究与监管决定","2022","S13","https://www.epa.gov/ccl/ccl-5-chemical-contaminants","清单版本或施行年份；非采样年"
"USC-22","美国","CCL 5 化学候选清单","脱乙基莠去津","Deethylatrazine","6190-65-4","农药转化产物","候选研究与监管决定","2022","S13","https://www.epa.gov/ccl/ccl-5-chemical-contaminants","清单版本或施行年份；非采样年"
"USC-23","美国","CCL 5 化学候选清单","脱异丙基莠去津","Desisopropyl atrazine","1007-28-9","农药转化产物","候选研究与监管决定","2022","S13","https://www.epa.gov/ccl/ccl-5-chemical-contaminants","清单版本或施行年份；非采样年"
"USC-24","美国","CCL 5 化学候选清单","去甲文拉法辛","Desvenlafaxine","93413-62-8","药物","候选研究与监管决定","2022","S13","https://www.epa.gov/ccl/ccl-5-chemical-contaminants","清单版本或施行年份；非采样年"
"USC-25","美国","CCL 5 化学候选清单","二嗪磷","Diazinon","333-41-5","农药","候选研究与监管决定","2022","S13","https://www.epa.gov/ccl/ccl-5-chemical-contaminants","清单版本或施行年份；非采样年"
"USC-26","美国","CCL 5 化学候选清单","百治磷","Dicrotophos","141-66-2","农药","候选研究与监管决定","2022","S13","https://www.epa.gov/ccl/ccl-5-chemical-contaminants","清单版本或施行年份；非采样年"
"USC-27","美国","CCL 5 化学候选清单","狄氏剂","Dieldrin","60-57-1","农药/POP","候选研究与监管决定","2022","S13","https://www.epa.gov/ccl/ccl-5-chemical-contaminants","清单版本或施行年份；非采样年"
"USC-28","美国","CCL 5 化学候选清单","乐果","Dimethoate","60-51-5","农药","候选研究与监管决定","2022","S13","https://www.epa.gov/ccl/ccl-5-chemical-contaminants","清单版本或施行年份；非采样年"
"USC-29","美国","CCL 5 化学候选清单","消毒副产物组","Disinfection byproducts group","group","消毒副产物","候选研究与监管决定","2022","S13","https://www.epa.gov/ccl/ccl-5-chemical-contaminants","清单版本或施行年份；非采样年"
"USC-30","美国","CCL 5 化学候选清单","敌草隆","Diuron","330-54-1","农药","候选研究与监管决定","2022","S13","https://www.epa.gov/ccl/ccl-5-chemical-contaminants","清单版本或施行年份；非采样年"
"USC-31","美国","CCL 5 化学候选清单","乙丁氟灵","Ethalfluralin","55283-68-6","农药","候选研究与监管决定","2022","S13","https://www.epa.gov/ccl/ccl-5-chemical-contaminants","清单版本或施行年份；非采样年"
"USC-32","美国","CCL 5 化学候选清单","灭线磷","Ethoprop","13194-48-4","农药","候选研究与监管决定","2022","S13","https://www.epa.gov/ccl/ccl-5-chemical-contaminants","清单版本或施行年份；非采样年"
"USC-33","美国","CCL 5 化学候选清单","氟虫腈","Fipronil","120068-37-3","农药","候选研究与监管决定","2022","S13","https://www.epa.gov/ccl/ccl-5-chemical-contaminants","清单版本或施行年份；非采样年"
"USC-34","美国","CCL 5 化学候选清单","氟康唑","Fluconazole","86386-73-4","药物","候选研究与监管决定","2022","S13","https://www.epa.gov/ccl/ccl-5-chemical-contaminants","清单版本或施行年份；非采样年"
"USC-35","美国","CCL 5 化学候选清单","氟噻草胺","Flufenacet","142459-58-3","农药","候选研究与监管决定","2022","S13","https://www.epa.gov/ccl/ccl-5-chemical-contaminants","清单版本或施行年份；非采样年"
"USC-36","美国","CCL 5 化学候选清单","伏草隆","Fluometuron","2164-17-2","农药","候选研究与监管决定","2022","S13","https://www.epa.gov/ccl/ccl-5-chemical-contaminants","清单版本或施行年份；非采样年"
"USC-37","美国","CCL 5 化学候选清单","异菌脲","Iprodione","36734-19-7","农药","候选研究与监管决定","2022","S13","https://www.epa.gov/ccl/ccl-5-chemical-contaminants","清单版本或施行年份；非采样年"
"USC-38","美国","CCL 5 化学候选清单","锂","Lithium","7439-93-2","金属","候选研究与监管决定","2022","S13","https://www.epa.gov/ccl/ccl-5-chemical-contaminants","清单版本或施行年份；非采样年"
"USC-39","美国","CCL 5 化学候选清单","马拉硫磷","Malathion","121-75-5","农药","候选研究与监管决定","2022","S13","https://www.epa.gov/ccl/ccl-5-chemical-contaminants","清单版本或施行年份；非采样年"
"USC-40","美国","CCL 5 化学候选清单","锰","Manganese","7439-96-5","金属","候选研究与监管决定","2022","S13","https://www.epa.gov/ccl/ccl-5-chemical-contaminants","清单版本或施行年份；非采样年"
"USC-41","美国","CCL 5 化学候选清单","灭多威","Methomyl","16752-77-5","农药","候选研究与监管决定","2022","S13","https://www.epa.gov/ccl/ccl-5-chemical-contaminants","清单版本或施行年份；非采样年"
"USC-42","美国","CCL 5 化学候选清单","甲基叔丁基醚","MTBE","1634-04-4","燃料添加剂","候选研究与监管决定","2022","S13","https://www.epa.gov/ccl/ccl-5-chemical-contaminants","清单版本或施行年份；非采样年"
"USC-43","美国","CCL 5 化学候选清单","甲基汞","Methylmercury","22967-92-6","有机金属","候选研究与监管决定","2022","S13","https://www.epa.gov/ccl/ccl-5-chemical-contaminants","清单版本或施行年份；非采样年"
"USC-44","美国","CCL 5 化学候选清单","钼","Molybdenum","7439-98-7","金属","候选研究与监管决定","2022","S13","https://www.epa.gov/ccl/ccl-5-chemical-contaminants","清单版本或施行年份；非采样年"
"USC-45","美国","CCL 5 化学候选清单","壬基酚","Nonylphenol","25154-52-3","内分泌活性/表面活性剂","候选研究与监管决定","2022","S13","https://www.epa.gov/ccl/ccl-5-chemical-contaminants","清单版本或施行年份；非采样年"
"USC-46","美国","CCL 5 化学候选清单","达草灭","Norflurazon","27314-13-2","农药","候选研究与监管决定","2022","S13","https://www.epa.gov/ccl/ccl-5-chemical-contaminants","清单版本或施行年份；非采样年"
"USC-47","美国","CCL 5 化学候选清单","乙氧氟草醚","Oxyfluorfen","42874-03-3","农药","候选研究与监管决定","2022","S13","https://www.epa.gov/ccl/ccl-5-chemical-contaminants","清单版本或施行年份；非采样年"
"USC-48","美国","CCL 5 化学候选清单","全氟和多氟烷基物质组","PFAS group","group","PFAS组","候选研究与监管决定","2022","S13","https://www.epa.gov/ccl/ccl-5-chemical-contaminants","清单版本或施行年份；非采样年"
"USC-49","美国","CCL 5 化学候选清单","氯菊酯","Permethrin","52645-53-1","农药","候选研究与监管决定","2022","S13","https://www.epa.gov/ccl/ccl-5-chemical-contaminants","清单版本或施行年份；非采样年"
"USC-50","美国","CCL 5 化学候选清单","甲拌磷","Phorate","298-02-2","农药","候选研究与监管决定","2022","S13","https://www.epa.gov/ccl/ccl-5-chemical-contaminants","清单版本或施行年份；非采样年"
"USC-51","美国","CCL 5 化学候选清单","亚胺硫磷","Phosmet","732-11-6","农药","候选研究与监管决定","2022","S13","https://www.epa.gov/ccl/ccl-5-chemical-contaminants","清单版本或施行年份；非采样年"
"USC-52","美国","CCL 5 化学候选清单","Phostebupirim（以英文及CAS识别）","Phostebupirim","96182-53-5","农药","候选研究与监管决定","2022","S13","https://www.epa.gov/ccl/ccl-5-chemical-contaminants","清单版本或施行年份；非采样年"
"USC-53","美国","CCL 5 化学候选清单","丙溴磷","Profenofos","41198-08-7","农药","候选研究与监管决定","2022","S13","https://www.epa.gov/ccl/ccl-5-chemical-contaminants","清单版本或施行年份；非采样年"
"USC-54","美国","CCL 5 化学候选清单","毒草安","Propachlor","1918-16-7","农药","候选研究与监管决定","2022","S13","https://www.epa.gov/ccl/ccl-5-chemical-contaminants","清单版本或施行年份；非采样年"
"USC-55","美国","CCL 5 化学候选清单","敌稗","Propanil","709-98-8","农药","候选研究与监管决定","2022","S13","https://www.epa.gov/ccl/ccl-5-chemical-contaminants","清单版本或施行年份；非采样年"
"USC-56","美国","CCL 5 化学候选清单","炔螨特","Propargite","2312-35-8","农药","候选研究与监管决定","2022","S13","https://www.epa.gov/ccl/ccl-5-chemical-contaminants","清单版本或施行年份；非采样年"
"USC-57","美国","CCL 5 化学候选清单","扑灭津","Propazine","139-40-2","农药","候选研究与监管决定","2022","S13","https://www.epa.gov/ccl/ccl-5-chemical-contaminants","清单版本或施行年份；非采样年"
"USC-58","美国","CCL 5 化学候选清单","残杀威","Propoxur","114-26-1","农药","候选研究与监管决定","2022","S13","https://www.epa.gov/ccl/ccl-5-chemical-contaminants","清单版本或施行年份；非采样年"
"USC-59","美国","CCL 5 化学候选清单","喹啉","Quinoline","91-22-5","工业化学品","候选研究与监管决定","2022","S13","https://www.epa.gov/ccl/ccl-5-chemical-contaminants","清单版本或施行年份；非采样年"
"USC-60","美国","CCL 5 化学候选清单","戊唑醇","Tebuconazole","107534-96-3","农药","候选研究与监管决定","2022","S13","https://www.epa.gov/ccl/ccl-5-chemical-contaminants","清单版本或施行年份；非采样年"
"USC-61","美国","CCL 5 化学候选清单","特丁硫磷","Terbufos","13071-79-9","农药","候选研究与监管决定","2022","S13","https://www.epa.gov/ccl/ccl-5-chemical-contaminants","清单版本或施行年份；非采样年"
"USC-62","美国","CCL 5 化学候选清单","噻虫嗪","Thiamethoxam","153719-23-4","农药","候选研究与监管决定","2022","S13","https://www.epa.gov/ccl/ccl-5-chemical-contaminants","清单版本或施行年份；非采样年"
"USC-63","美国","CCL 5 化学候选清单","野麦畏","Tri-allate","2303-17-5","农药","候选研究与监管决定","2022","S13","https://www.epa.gov/ccl/ccl-5-chemical-contaminants","清单版本或施行年份；非采样年"
"USC-64","美国","CCL 5 化学候选清单","脱叶磷","Tribufos","78-48-8","农药","候选研究与监管决定","2022","S13","https://www.epa.gov/ccl/ccl-5-chemical-contaminants","清单版本或施行年份；非采样年"
"USC-65","美国","CCL 5 化学候选清单","磷酸三丁酯","Tributyl phosphate","126-73-8","阻燃剂/增塑剂","候选研究与监管决定","2022","S13","https://www.epa.gov/ccl/ccl-5-chemical-contaminants","清单版本或施行年份；非采样年"
"USC-66","美国","CCL 5 化学候选清单","1,2,4-三甲苯","1,2,4-Trimethylbenzene","95-63-6","VOC","候选研究与监管决定","2022","S13","https://www.epa.gov/ccl/ccl-5-chemical-contaminants","清单版本或施行年份；非采样年"
"USC-67","美国","CCL 5 化学候选清单","磷酸三(2-氯乙基)酯","TCEP","115-96-8","阻燃剂","候选研究与监管决定","2022","S13","https://www.epa.gov/ccl/ccl-5-chemical-contaminants","清单版本或施行年份；非采样年"
"USC-68","美国","CCL 5 化学候选清单","钨","Tungsten","7440-33-7","金属","候选研究与监管决定","2022","S13","https://www.epa.gov/ccl/ccl-5-chemical-contaminants","清单版本或施行年份；非采样年"
"USC-69","美国","CCL 5 化学候选清单","钒","Vanadium","7440-62-2","金属","候选研究与监管决定","2022","S13","https://www.epa.gov/ccl/ccl-5-chemical-contaminants","清单版本或施行年份；非采样年"
"UCMR5-01","美国","UCMR5监测对象","PFOS","PFOS","1763-23-1","PFAS","监测对象；列入监测不等于禁用或违规","2026","S14","https://www.epa.gov/system/files/documents/2023-08/ucmr5-data-summary_0.pdf","汇总报告年份"
"UCMR5-02","美国","UCMR5监测对象","PFOA","PFOA","335-67-1","PFAS","监测对象；列入监测不等于禁用或违规","2026","S14","https://www.epa.gov/system/files/documents/2023-08/ucmr5-data-summary_0.pdf","汇总报告年份"
"UCMR5-03","美国","UCMR5监测对象","HFPO-DA","HFPO-DA","13252-13-6","PFAS","监测对象；列入监测不等于禁用或违规","2026","S14","https://www.epa.gov/system/files/documents/2023-08/ucmr5-data-summary_0.pdf","汇总报告年份"
"UCMR5-04","美国","UCMR5监测对象","PFHxS","PFHxS","355-46-4","PFAS","监测对象；列入监测不等于禁用或违规","2026","S14","https://www.epa.gov/system/files/documents/2023-08/ucmr5-data-summary_0.pdf","汇总报告年份"
"UCMR5-05","美国","UCMR5监测对象","PFNA","PFNA","375-95-1","PFAS","监测对象；列入监测不等于禁用或违规","2026","S14","https://www.epa.gov/system/files/documents/2023-08/ucmr5-data-summary_0.pdf","汇总报告年份"
"UCMR5-06","美国","UCMR5监测对象","PFBS","PFBS","375-73-5","PFAS","监测对象；列入监测不等于禁用或违规","2026","S14","https://www.epa.gov/system/files/documents/2023-08/ucmr5-data-summary_0.pdf","汇总报告年份"
"UCMR5-07","美国","UCMR5监测对象","PFBA","PFBA","375-22-4","PFAS","监测对象；列入监测不等于禁用或违规","2026","S14","https://www.epa.gov/system/files/documents/2023-08/ucmr5-data-summary_0.pdf","汇总报告年份"
"UCMR5-08","美国","UCMR5监测对象","PFHxA","PFHxA","307-24-4","PFAS","监测对象；列入监测不等于禁用或违规","2026","S14","https://www.epa.gov/system/files/documents/2023-08/ucmr5-data-summary_0.pdf","汇总报告年份"
"UCMR5-09","美国","UCMR5监测对象","PFDA","PFDA","335-76-2","PFAS","监测对象；列入监测不等于禁用或违规","2026","S14","https://www.epa.gov/system/files/documents/2023-08/ucmr5-data-summary_0.pdf","汇总报告年份"
"UCMR5-10","美国","UCMR5监测对象","6:2 FTS","6:2 FTS","27619-97-2","PFAS","监测对象；列入监测不等于禁用或违规","2026","S14","https://www.epa.gov/system/files/documents/2023-08/ucmr5-data-summary_0.pdf","汇总报告年份"
"UCMR5-11","美国","UCMR5监测对象","8:2 FTS","8:2 FTS","39108-34-4","PFAS","监测对象；列入监测不等于禁用或违规","2026","S14","https://www.epa.gov/system/files/documents/2023-08/ucmr5-data-summary_0.pdf","汇总报告年份"
"UCMR5-12","美国","UCMR5监测对象","4:2 FTS","4:2 FTS","757124-72-4","PFAS","监测对象；列入监测不等于禁用或违规","2026","S14","https://www.epa.gov/system/files/documents/2023-08/ucmr5-data-summary_0.pdf","汇总报告年份"
"UCMR5-13","美国","UCMR5监测对象","ADONA","ADONA","919005-14-4","PFAS","监测对象；列入监测不等于禁用或违规","2026","S14","https://www.epa.gov/system/files/documents/2023-08/ucmr5-data-summary_0.pdf","汇总报告年份"
"UCMR5-14","美国","UCMR5监测对象","11Cl-PF3OUdS","11Cl-PF3OUdS","763051-92-9","PFAS","监测对象；列入监测不等于禁用或违规","2026","S14","https://www.epa.gov/system/files/documents/2023-08/ucmr5-data-summary_0.pdf","汇总报告年份"
"UCMR5-15","美国","UCMR5监测对象","9Cl-PF3ONS","9Cl-PF3ONS","756426-58-1","PFAS","监测对象；列入监测不等于禁用或违规","2026","S14","https://www.epa.gov/system/files/documents/2023-08/ucmr5-data-summary_0.pdf","汇总报告年份"
"UCMR5-16","美国","UCMR5监测对象","NFDHA","NFDHA","151772-58-6","PFAS","监测对象；列入监测不等于禁用或违规","2026","S14","https://www.epa.gov/system/files/documents/2023-08/ucmr5-data-summary_0.pdf","汇总报告年份"
"UCMR5-17","美国","UCMR5监测对象","PFEESA","PFEESA","113507-82-7","PFAS","监测对象；列入监测不等于禁用或违规","2026","S14","https://www.epa.gov/system/files/documents/2023-08/ucmr5-data-summary_0.pdf","汇总报告年份"
"UCMR5-18","美国","UCMR5监测对象","PFMPA","PFMPA","377-73-1","PFAS","监测对象；列入监测不等于禁用或违规","2026","S14","https://www.epa.gov/system/files/documents/2023-08/ucmr5-data-summary_0.pdf","汇总报告年份"
"UCMR5-19","美国","UCMR5监测对象","PFMBA","PFMBA","863090-89-5","PFAS","监测对象；列入监测不等于禁用或违规","2026","S14","https://www.epa.gov/system/files/documents/2023-08/ucmr5-data-summary_0.pdf","汇总报告年份"
"UCMR5-20","美国","UCMR5监测对象","PFDoA","PFDoA","307-55-1","PFAS","监测对象；列入监测不等于禁用或违规","2026","S14","https://www.epa.gov/system/files/documents/2023-08/ucmr5-data-summary_0.pdf","汇总报告年份"
"UCMR5-21","美国","UCMR5监测对象","PFHpS","PFHpS","375-92-8","PFAS","监测对象；列入监测不等于禁用或违规","2026","S14","https://www.epa.gov/system/files/documents/2023-08/ucmr5-data-summary_0.pdf","汇总报告年份"
"UCMR5-22","美国","UCMR5监测对象","PFHpA","PFHpA","375-85-9","PFAS","监测对象；列入监测不等于禁用或违规","2026","S14","https://www.epa.gov/system/files/documents/2023-08/ucmr5-data-summary_0.pdf","汇总报告年份"
"UCMR5-23","美国","UCMR5监测对象","PFPeS","PFPeS","2706-91-4","PFAS","监测对象；列入监测不等于禁用或违规","2026","S14","https://www.epa.gov/system/files/documents/2023-08/ucmr5-data-summary_0.pdf","汇总报告年份"
"UCMR5-24","美国","UCMR5监测对象","PFPeA","PFPeA","2706-90-3","PFAS","监测对象；列入监测不等于禁用或违规","2026","S14","https://www.epa.gov/system/files/documents/2023-08/ucmr5-data-summary_0.pdf","汇总报告年份"
"UCMR5-25","美国","UCMR5监测对象","PFUnA","PFUnA","2058-94-8","PFAS","监测对象；列入监测不等于禁用或违规","2026","S14","https://www.epa.gov/system/files/documents/2023-08/ucmr5-data-summary_0.pdf","汇总报告年份"
"UCMR5-26","美国","UCMR5监测对象","NEtFOSAA","NEtFOSAA","2991-50-6","PFAS","监测对象；列入监测不等于禁用或违规","2026","S14","https://www.epa.gov/system/files/documents/2023-08/ucmr5-data-summary_0.pdf","汇总报告年份"
"UCMR5-27","美国","UCMR5监测对象","NMeFOSAA","NMeFOSAA","2355-31-9","PFAS","监测对象；列入监测不等于禁用或违规","2026","S14","https://www.epa.gov/system/files/documents/2023-08/ucmr5-data-summary_0.pdf","汇总报告年份"
"UCMR5-28","美国","UCMR5监测对象","PFTA","PFTA","376-06-7","PFAS","监测对象；列入监测不等于禁用或违规","2026","S14","https://www.epa.gov/system/files/documents/2023-08/ucmr5-data-summary_0.pdf","汇总报告年份"
"UCMR5-29","美国","UCMR5监测对象","PFTrDA","PFTrDA","72629-94-8","PFAS","监测对象；列入监测不等于禁用或违规","2026","S14","https://www.epa.gov/system/files/documents/2023-08/ucmr5-data-summary_0.pdf","汇总报告年份"
"UCMR5-30","美国","UCMR5监测对象","Lithium","Lithium","7439-93-2","金属/锂","监测对象；列入监测不等于禁用或违规","2026","S14","https://www.epa.gov/system/files/documents/2023-08/ucmr5-data-summary_0.pdf","汇总报告年份"