"来源ID","地区","类型","标题","日期","URL","用途"
"S01","中国","政策","生态环境部《重点管控新污染物清单（2023年版）》","2022-12-29","https://www.mee.gov.cn/gzk/gz/202212/t20221230_1009192.shtml","现行重点管控清单；2023-03-01施行"
"S02","中国","政策","国务院办公厅《新污染物治理行动方案》","2022-05-24","https://www.mee.gov.cn/zcwj/gwywj/202205/t20220524_983032.shtml","定义、全生命周期治理框架"
"S03","中国","政策","第一批优先控制化学品名录","2017-12-29","https://www.mee.gov.cn/gkml/hbb/bgg/201712/t20171229_428832.htm","PC001—PC022"
"S04","中国","政策","第二批优先控制化学品名录","2020-10-30","https://www.mee.gov.cn/xxgk2018/xxgk/xxgk01/202011/W020201113571806102775.pdf","PC023—PC040"
"S05","中国","政策","第三批优先控制化学品名录","2025-12","https://www.mee.gov.cn/xxgk2018/xxgk/xxgk01/202512/W020251230600136753257.pdf","PC041—PC063"
"S06","中国","政策","重点行业建设项目环境影响评价中试行开展新污染物评价","2025-04-14","https://www.mee.gov.cn/xxgk2018/xxgk/xxgk03/202504/t20250414_1114642.html","石化、涂料、印染、橡胶、农药、医药等行业"
"S07","中国","标准","GB 5749—2022 生活饮用水卫生标准","2022-03-15","https://openstd.samr.gov.cn/bzgk/std/newGbInfo?hcno=99E9C17E3547A3C0CE2FD1FFD9F2F7BE","附录参考指标含PFOA/PFOS；2023-04-01实施"
"S08","中国","监测方法","HJ 1333—2023 水中PFOS/PFOA测定","2023-12-05","https://big5.mee.gov.cn/gate/big5/www.mee.gov.cn/ywgz/fgbz/bzwb/jcffbz/202312/W020231229571651622222.pdf","适用地表水、地下水、污水、工业废水、海水"
"S09","国际","条约","Stockholm Convention: All POPs listed","2025","https://www.pops.int/tabid/2509/Default.aspx","附件A消除、B限制、C非故意排放削减"
"S10","欧盟","监测清单","EU Surface Water Watch List 2025/439","2025-03-03","https://eur-lex.europa.eu/eli/dec_impl/2025/439/oj/eng/pdf","欧盟地表水观察清单及最低可接受定量限"
"S11","欧盟","饮用水","EU PFAS drinking-water technical guidelines","2024-08-07","https://eur-lex.europa.eu/legal-content/EN/TXT/?uri=CELEX%3A52024XC04910","PFAS Total 500 ng/L；Sum of PFAS 100 ng/L"
"S12","欧盟","水政策","Directive (EU) 2026/805","2026-04-22","https://eur-lex.europa.eu/eli/dir/2026/805","更新地表水/地下水优先物质，新增PFAS、药物等"
"S13","美国","候选清单","US EPA CCL 5 chemical contaminants","2022-11-14","https://www.epa.gov/ccl/ccl-5-chemical-contaminants","66种单体化学物+3组；候选不等于标准"
"S14","美国","监测","US EPA UCMR 5 final data summary","2026-07","https://www.epa.gov/system/files/documents/2023-08/ucmr5-data-summary_0.pdf","约10130供水系统、25950采样点；29种PFAS+锂"
"S15","美国","饮用水","US EPA National Primary Drinking Water Regulations","2026","https://www.epa.gov/ground-water-and-drinking-water/national-primary-drinking-water-regulations","PFOS/PFOA等2024 MCL及2026政策状态"
"S16","国际","术语","OECD PFAS terminology report","2021","https://www.oecd.org/en/publications/reconciling-terminology-of-the-universe-of-per-and-polyfluoroalkyl-substances_e458e796-en.html","PFAS定义与术语范围"
"S17","国际","健康","WHO/UNEP State of the science of endocrine disrupting chemicals","2013","https://www.who.int/publications/i/item/9789241505031","内分泌干扰物健康与生态证据综述"
"S18","国际","健康","WHO antibiotic manufacturing pollution guidance","2024-09-03","https://www.who.int/publications/i/item/9789240097254","抗生素制造排放与AMR控制"
"S19","国际","评估","UNEP Assessment of Issues of Concern","2020","https://www.unep.org/resources/report/assessment-report-issues-concern-chemicals-and-waste-issues-posing-risks-human","EDCs、药物、纳米材料、PFAS等关注议题"
"S20","国际","健康","WHO Microplastics in drinking-water","2019","https://www.who.int/publications/i/item/9789241516198","证据有限，强调研究空白"
"S21","国际","污染量","UNEP Plastic pollution and marine litter","2025","https://www.unep.org/topics/ocean-seas-and-coasts/ecosystem-degradation-pollution/plastic-pollution-marine-litter","每年约1900万—2300万吨塑料废物进入水生生态系统"
"S22","中国","论文","PFAS in Chinese drinking water review","2020","https://link.springer.com/article/10.1186/s12302-020-00425-3","66城市、526份样本；跨年份跨方法汇总"
"S23","中国","论文","Microplastics in tap water from China","2020","https://pubmed.ncbi.nlm.nih.gov/32199168/","38份样本；方法依赖，跨研究不可直接比较"
"S24","中国","论文","Antibiotics in groundwater recharge systems","2015","https://pubmed.ncbi.nlm.nih.gov/25777955/","15个场地，再生水及地下水"
"S25","中国","论文","Nationwide antibiotics use and emission model","2015","https://pubmed.ncbi.nlm.nih.gov/25961663/","2013年模型估算，非当前实测"
"S26","中国","论文","Nationwide river PPD/PPD-Q occurrence","2025","https://pubs.acs.org/doi/abs/10.1021/acs.est.4c09519","轮胎抗氧剂及转化产物"
"S27","中国","论文","Road-runoff rubber-derived chemicals","2024","https://pubs.acs.org/doi/abs/10.1021/acs.est.3c10737","华南道路径流35种橡胶源化学物"
"S28","中国","论文","Nontarget PFAS in 17 Chinese WWTPs","2020","https://www.sciencedirect.com/science/article/pii/S0043135420305261","63种PFAS，含12种首次报道"
"S29","国际","论文","Novel entities planetary boundary","2022","https://doi.org/10.1021/acs.est.1c04158","有影响力的科学框架；并非法定阈值"
"S30","中国","政策解读","生态环境部：新污染物概念与治理特点","2021-11-19","https://www.mee.gov.cn/zcwj/zcjd/202111/t20211119_961028.shtml","入门定义、风险隐蔽性、生命周期"
"S31","全球","技术报告","UNEP Chemicals in Plastics","2023-05-03","https://www.unep.org/resources/report/chemicals-plastics-technical-report","塑料相关化学物及生命周期排放"
"S32","全球","健康评估","WHO微/纳塑料饮食与吸入暴露评估","2022-08-30","https://www.who.int/publications/i/item/9789240054608","评估截至2021年12月文献；研究不确定性"
"S33","加拿大","国家评估","State of PFAS Report","2025-03","https://www.canada.ca/en/environment-climate-change/services/evaluating-existing-substances/state-per-polyfluoroalkyl-substances-report.html","PFAS类别评估；报告排除氟聚合物"
"S34","美国","处理技术","EPA：饮用水PFAS处理技术","2018；页面更新2026","https://www.epa.gov/sciencematters/reducing-pfas-drinking-water-treatment-technologies","活性炭、离子交换、高压膜；处理残余物"
"S35","全球","环境与耐药","UNEP Bracing for Superbugs","2023-02-07","https://www.unep.org/resources/superbugs/environmental-action","环境参与耐药性的产生、传播和扩散"
"S36","澳大利亚","管理指南","PFAS National Environmental Management Plan 3.1","2026","https://www.dcceew.gov.au/environment/protection/publications/pfas-nemp-3","污染场地、饮水、生态风险与材料管理"
"S37","日本","政策报告","日本环境省化学物质管理最新进展","2026政策节点","https://www.env.go.jp/content/000388658.pdf","2026年4月饮水PFOS/PFOA总量标准"
"S38","国际","数据库","NORMAN Database System","动态更新","https://www.norman-network.com/nds/","物质库、可疑筛查、EMPODAT环境出现数据"
"S39","美国","数据库","EPA CompTox Chemicals Dashboard","动态更新","https://www.epa.gov/comptox-tools/comptox-chemicals-dashboard","化学身份、毒性、理化性质和暴露数据"
"S40","美国","早期研究","USGS美国溪流中药物、激素及污水有机物","2002","https://www.usgs.gov/publications/pharmaceuticals-hormones-and-other-organic-wastewater-contaminants-us-streams","历史研究里程碑；非当前全国水质判断"
"S41","美国","原始监测数据库","EPA UCMR occurrence data","持续维护","https://www.epa.gov/dwucmr/occurrence-data-unregulated-contaminant-monitoring-rule","各轮监测原始结果文本文件"
"S42","中国","官方解读","重点管控新污染物清单答记者问","2023-01-13","https://www.mee.gov.cn/ywdt/zbft/202301/t20230113_1012751.shtml","14个条目及一品一策管控说明"